churn,address,callcard,cardmon,custcat,ebill,ed,employ,equip,gender,income,marital,region,tenure,voice,wireless
1.0,9.0,1.0,7.5,1.0,0.0,4.0,5.0,0.0,0.0,64.0,1.0,2.0,13.0,0.0,0.0
1.0,7.0,1.0,15.25,4.0,0.0,5.0,5.0,0.0,0.0,136.0,1.0,,11.0,1.0,1.0
0.0,24.0,1.0,30.25,3.0,0.0,1.0,29.0,0.0,1.0,116.0,1.0,3.0,68.0,0.0,0.0
1.0,12.0,0.0,0.0,1.0,0.0,2.0,0.0,0.0,1.0,33.0,0.0,3.0,33.0,0.0,0.0
0.0,9.0,0.0,0.0,3.0,0.0,1.0,2.0,0.0,0.0,30.0,1.0,3.0,23.0,0.0,0.0
0.0,17.0,1.0,13.5,3.0,0.0,2.0,16.0,0.0,1.0,78.0,0.0,,41.0,0.0,0.0
1.0,2.0,1.0,8.75,2.0,1.0,2.0,4.0,0.0,1.0,19.0,1.0,2.0,45.0,0.0,0.0
0.0,5.0,1.0,23.25,4.0,1.0,2.0,10.0,1.0,0.0,76.0,0.0,,38.0,1.0,1.0
0.0,7.0,1.0,12.0,3.0,0.0,4.0,31.0,0.0,0.0,166.0,1.0,1.0,45.0,0.0,0.0
0.0,21.0,1.0,16.5,2.0,0.0,1.0,22.0,0.0,0.0,72.0,1.0,,68.0,0.0,0.0
1.0,10.0,0.0,0.0,1.0,1.0,4.0,5.0,1.0,1.0,125.0,0.0,,5.0,0.0,0.0
0.0,14.0,1.0,23.75,3.0,0.0,2.0,15.0,0.0,1.0,80.0,0.0,3.0,7.0,1.0,0.0
0.0,8.0,1.0,41.75,1.0,0.0,2.0,9.0,0.0,1.0,37.0,1.0,,41.0,0.0,0.0
1.0,30.0,0.0,0.0,4.0,1.0,4.0,23.0,1.0,1.0,115.0,1.0,1.0,57.0,1.0,1.0
0.0,3.0,0.0,0.0,1.0,0.0,1.0,8.0,0.0,1.0,25.0,0.0,3.0,9.0,0.0,0.0
0.0,12.0,1.0,11.25,2.0,0.0,5.0,1.0,1.0,0.0,75.0,1.0,1.0,29.0,0.0,0.0
0.0,38.0,1.0,30.0,3.0,0.0,2.0,30.0,1.0,0.0,162.0,0.0,1.0,60.0,0.0,0.0
0.0,3.0,0.0,0.0,3.0,0.0,2.0,6.0,0.0,1.0,49.0,0.0,,34.0,0.0,0.0
0.0,3.0,0.0,0.0,1.0,0.0,1.0,3.0,0.0,0.0,20.0,0.0,2.0,1.0,0.0,0.0
1.0,3.0,1.0,24.25,4.0,1.0,4.0,2.0,1.0,0.0,77.0,1.0,,26.0,1.0,1.0
1.0,7.0,0.0,0.0,2.0,0.0,3.0,1.0,1.0,1.0,16.0,0.0,1.0,6.0,0.0,1.0
0.0,17.0,1.0,22.0,1.0,0.0,1.0,24.0,0.0,0.0,120.0,1.0,2.0,68.0,0.0,0.0
0.0,10.0,1.0,26.75,4.0,1.0,5.0,4.0,1.0,1.0,101.0,0.0,,53.0,1.0,1.0
0.0,19.0,1.0,27.25,1.0,0.0,1.0,25.0,0.0,0.0,67.0,1.0,2.0,55.0,0.0,0.0
0.0,18.0,1.0,18.0,3.0,0.0,1.0,5.0,0.0,0.0,36.0,1.0,,14.0,0.0,0.0
0.0,0.0,1.0,40.5,3.0,0.0,2.0,0.0,0.0,1.0,33.0,0.0,3.0,1.0,0.0,0.0
0.0,7.0,1.0,28.0,4.0,1.0,2.0,8.0,1.0,1.0,37.0,0.0,3.0,42.0,1.0,1.0
0.0,11.0,0.0,0.0,3.0,0.0,1.0,5.0,0.0,0.0,31.0,1.0,1.0,25.0,0.0,0.0
0.0,1.0,0.0,0.0,1.0,0.0,2.0,2.0,0.0,1.0,17.0,1.0,,9.0,0.0,0.0
0.0,9.0,0.0,0.0,2.0,1.0,4.0,0.0,1.0,1.0,19.0,1.0,1.0,13.0,0.0,0.0
0.0,6.0,1.0,18.25,2.0,1.0,1.0,13.0,1.0,1.0,36.0,1.0,1.0,56.0,0.0,0.0
0.0,27.0,1.0,34.0,4.0,1.0,5.0,12.0,0.0,0.0,155.0,1.0,,71.0,1.0,1.0
0.0,26.0,1.0,35.0,3.0,0.0,2.0,21.0,0.0,1.0,140.0,1.0,3.0,35.0,0.0,0.0
0.0,8.0,0.0,0.0,2.0,0.0,5.0,0.0,1.0,0.0,55.0,1.0,2.0,11.0,0.0,0.0
0.0,13.0,1.0,13.75,4.0,1.0,3.0,24.0,1.0,0.0,163.0,1.0,,60.0,1.0,1.0
1.0,11.0,0.0,0.0,2.0,1.0,4.0,0.0,1.0,0.0,52.0,1.0,1.0,20.0,0.0,0.0
0.0,38.0,1.0,54.25,4.0,1.0,4.0,25.0,1.0,0.0,211.0,0.0,2.0,54.0,1.0,1.0
0.0,1.0,1.0,36.0,3.0,0.0,2.0,17.0,0.0,0.0,186.0,1.0,,44.0,1.0,1.0
1.0,0.0,1.0,19.75,3.0,0.0,1.0,1.0,0.0,1.0,39.0,1.0,2.0,11.0,1.0,0.0
0.0,34.0,1.0,18.75,3.0,0.0,2.0,35.0,0.0,1.0,22.0,0.0,,72.0,0.0,0.0
0.0,7.0,1.0,53.75,3.0,0.0,1.0,7.0,0.0,0.0,30.0,0.0,3.0,10.0,0.0,0.0
0.0,0.0,1.0,17.75,3.0,0.0,2.0,4.0,0.0,1.0,29.0,0.0,1.0,15.0,0.0,0.0
0.0,4.0,0.0,0.0,1.0,0.0,2.0,8.0,0.0,0.0,23.0,1.0,,27.0,0.0,0.0
1.0,14.0,0.0,0.0,4.0,1.0,4.0,10.0,1.0,0.0,62.0,1.0,,9.0,1.0,1.0
0.0,20.0,1.0,11.0,3.0,0.0,4.0,20.0,0.0,1.0,76.0,1.0,,64.0,0.0,0.0
0.0,3.0,1.0,17.0,2.0,1.0,4.0,16.0,1.0,0.0,74.0,1.0,2.0,65.0,1.0,0.0
0.0,27.0,1.0,14.25,2.0,1.0,4.0,19.0,0.0,0.0,63.0,1.0,,49.0,0.0,0.0
1.0,0.0,1.0,18.5,4.0,1.0,4.0,8.0,1.0,0.0,36.0,1.0,,47.0,0.0,1.0
1.0,9.0,0.0,0.0,1.0,0.0,2.0,8.0,1.0,1.0,33.0,1.0,2.0,9.0,0.0,0.0
1.0,14.0,1.0,15.5,3.0,1.0,2.0,9.0,0.0,1.0,29.0,0.0,2.0,5.0,0.0,1.0
1.0,4.0,0.0,0.0,1.0,0.0,2.0,1.0,1.0,0.0,27.0,1.0,2.0,30.0,0.0,0.0
0.0,28.0,1.0,22.25,2.0,0.0,2.0,12.0,0.0,0.0,49.0,1.0,2.0,56.0,0.0,0.0
0.0,0.0,1.0,22.5,4.0,1.0,4.0,0.0,1.0,0.0,24.0,0.0,3.0,10.0,1.0,1.0
0.0,3.0,0.0,0.0,1.0,0.0,2.0,2.0,0.0,0.0,26.0,1.0,2.0,7.0,0.0,0.0
0.0,6.0,1.0,14.25,1.0,1.0,3.0,5.0,0.0,0.0,47.0,0.0,1.0,52.0,0.0,0.0
1.0,1.0,0.0,0.0,1.0,0.0,2.0,18.0,1.0,1.0,94.0,1.0,3.0,36.0,0.0,0.0
0.0,8.0,0.0,0.0,2.0,0.0,3.0,4.0,0.0,1.0,21.0,0.0,3.0,27.0,0.0,0.0
0.0,36.0,1.0,34.5,1.0,0.0,1.0,0.0,0.0,0.0,27.0,1.0,3.0,58.0,0.0,0.0
0.0,27.0,1.0,19.0,3.0,0.0,2.0,2.0,0.0,1.0,30.0,0.0,3.0,41.0,0.0,1.0
0.0,16.0,1.0,14.75,2.0,1.0,4.0,12.0,1.0,1.0,127.0,1.0,1.0,47.0,0.0,0.0
1.0,15.0,1.0,11.5,3.0,0.0,2.0,20.0,0.0,1.0,137.0,1.0,1.0,55.0,1.0,0.0
0.0,1.0,1.0,21.25,4.0,0.0,2.0,24.0,0.0,1.0,80.0,1.0,3.0,56.0,1.0,1.0
0.0,24.0,1.0,15.75,1.0,0.0,2.0,2.0,0.0,0.0,30.0,0.0,2.0,35.0,0.0,0.0
0.0,11.0,1.0,24.75,4.0,0.0,4.0,23.0,1.0,1.0,438.0,1.0,1.0,69.0,0.0,0.0
1.0,16.0,1.0,27.25,4.0,1.0,2.0,16.0,1.0,0.0,79.0,0.0,2.0,44.0,0.0,1.0
0.0,16.0,1.0,6.75,1.0,0.0,1.0,23.0,0.0,0.0,63.0,1.0,2.0,36.0,0.0,0.0
0.0,22.0,0.0,0.0,3.0,0.0,3.0,10.0,0.0,1.0,40.0,1.0,3.0,28.0,0.0,0.0
0.0,44.0,1.0,19.25,3.0,0.0,1.0,34.0,0.0,0.0,51.0,1.0,,72.0,0.0,0.0
0.0,5.0,0.0,0.0,1.0,0.0,3.0,5.0,0.0,0.0,37.0,0.0,1.0,16.0,0.0,0.0
1.0,19.0,1.0,16.25,1.0,1.0,4.0,11.0,1.0,1.0,61.0,0.0,1.0,3.0,0.0,1.0
0.0,15.0,1.0,19.75,1.0,0.0,2.0,9.0,0.0,0.0,22.0,1.0,,40.0,0.0,0.0
0.0,6.0,0.0,0.0,2.0,1.0,4.0,3.0,1.0,1.0,44.0,0.0,2.0,16.0,0.0,0.0
0.0,4.0,0.0,0.0,1.0,0.0,3.0,5.0,0.0,0.0,17.0,0.0,,20.0,0.0,0.0
0.0,13.0,0.0,0.0,2.0,1.0,5.0,15.0,1.0,1.0,110.0,0.0,,48.0,1.0,1.0
0.0,13.0,1.0,12.5,3.0,0.0,2.0,24.0,0.0,0.0,91.0,1.0,,64.0,0.0,1.0
0.0,3.0,0.0,0.0,1.0,1.0,2.0,8.0,1.0,0.0,46.0,0.0,1.0,8.0,0.0,0.0
1.0,10.0,0.0,0.0,3.0,0.0,3.0,12.0,0.0,0.0,85.0,1.0,3.0,40.0,0.0,0.0
0.0,27.0,0.0,0.0,1.0,0.0,2.0,12.0,0.0,0.0,10.0,0.0,,38.0,0.0,0.0
0.0,28.0,1.0,30.75,3.0,0.0,1.0,47.0,0.0,1.0,244.0,0.0,2.0,67.0,1.0,0.0
0.0,0.0,1.0,10.5,4.0,1.0,4.0,15.0,1.0,1.0,80.0,0.0,2.0,26.0,1.0,1.0
0.0,15.0,1.0,5.75,4.0,0.0,5.0,1.0,0.0,1.0,83.0,1.0,2.0,41.0,1.0,0.0
1.0,2.0,0.0,0.0,1.0,0.0,1.0,6.0,1.0,0.0,21.0,0.0,2.0,2.0,0.0,0.0
1.0,29.0,1.0,35.0,4.0,0.0,2.0,3.0,0.0,0.0,24.0,1.0,3.0,20.0,1.0,0.0
0.0,2.0,1.0,19.25,3.0,0.0,3.0,31.0,0.0,1.0,351.0,0.0,,31.0,0.0,0.0
0.0,4.0,1.0,14.25,2.0,0.0,4.0,29.0,1.0,1.0,169.0,1.0,3.0,45.0,0.0,0.0
0.0,7.0,0.0,0.0,1.0,1.0,2.0,7.0,1.0,0.0,46.0,1.0,2.0,33.0,0.0,0.0
0.0,6.0,0.0,0.0,2.0,0.0,3.0,3.0,1.0,0.0,34.0,0.0,,10.0,0.0,0.0
1.0,2.0,1.0,87.5,4.0,1.0,4.0,3.0,1.0,0.0,50.0,1.0,,62.0,1.0,1.0
1.0,16.0,0.0,0.0,4.0,1.0,5.0,6.0,1.0,1.0,161.0,0.0,2.0,4.0,1.0,1.0
0.0,17.0,1.0,24.75,3.0,0.0,4.0,17.0,0.0,0.0,212.0,1.0,3.0,42.0,0.0,0.0
0.0,3.0,0.0,0.0,2.0,1.0,5.0,11.0,1.0,0.0,80.0,1.0,,27.0,0.0,0.0
0.0,1.0,0.0,0.0,1.0,0.0,4.0,7.0,0.0,1.0,30.0,0.0,2.0,38.0,0.0,0.0
0.0,3.0,1.0,8.75,2.0,1.0,5.0,1.0,1.0,1.0,53.0,1.0,2.0,52.0,1.0,1.0
0.0,9.0,1.0,22.25,4.0,1.0,5.0,4.0,0.0,1.0,73.0,0.0,2.0,35.0,1.0,1.0
1.0,1.0,0.0,0.0,1.0,1.0,2.0,0.0,0.0,1.0,17.0,1.0,,3.0,0.0,0.0
1.0,9.0,1.0,14.5,4.0,1.0,5.0,3.0,1.0,0.0,23.0,0.0,1.0,17.0,1.0,1.0
0.0,21.0,0.0,0.0,3.0,0.0,1.0,8.0,0.0,0.0,34.0,1.0,,55.0,0.0,0.0
1.0,5.0,1.0,21.5,2.0,0.0,1.0,19.0,0.0,1.0,107.0,1.0,3.0,43.0,0.0,0.0
1.0,5.0,1.0,9.0,3.0,0.0,1.0,1.0,0.0,1.0,21.0,1.0,3.0,47.0,0.0,0.0
0.0,30.0,1.0,22.75,2.0,0.0,2.0,16.0,0.0,1.0,83.0,0.0,,65.0,0.0,0.0
0.0,1.0,1.0,14.0,4.0,1.0,3.0,0.0,1.0,0.0,17.0,0.0,1.0,13.0,0.0,0.0
0.0,4.0,1.0,21.25,3.0,1.0,3.0,2.0,1.0,1.0,76.0,1.0,2.0,64.0,0.0,0.0
1.0,2.0,1.0,27.25,3.0,0.0,1.0,0.0,0.0,0.0,19.0,0.0,3.0,12.0,0.0,0.0
1.0,0.0,0.0,0.0,2.0,1.0,4.0,3.0,1.0,1.0,49.0,1.0,,29.0,0.0,0.0
0.0,21.0,0.0,0.0,2.0,1.0,3.0,22.0,0.0,1.0,173.0,0.0,,23.0,0.0,0.0
1.0,4.0,0.0,0.0,2.0,1.0,3.0,10.0,0.0,1.0,47.0,0.0,1.0,14.0,0.0,1.0
0.0,23.0,1.0,9.5,1.0,0.0,2.0,11.0,0.0,0.0,41.0,0.0,2.0,35.0,0.0,0.0
0.0,8.0,1.0,37.25,4.0,1.0,3.0,13.0,0.0,1.0,105.0,0.0,,26.0,1.0,1.0
0.0,2.0,0.0,0.0,1.0,1.0,4.0,2.0,0.0,0.0,31.0,0.0,3.0,13.0,1.0,0.0
0.0,13.0,1.0,33.0,2.0,0.0,2.0,17.0,0.0,0.0,41.0,1.0,1.0,69.0,0.0,0.0
0.0,30.0,1.0,12.5,2.0,1.0,4.0,9.0,0.0,1.0,102.0,1.0,3.0,61.0,0.0,0.0
1.0,2.0,0.0,0.0,2.0,0.0,4.0,0.0,1.0,1.0,36.0,1.0,1.0,45.0,0.0,0.0
0.0,13.0,0.0,0.0,1.0,1.0,1.0,3.0,0.0,1.0,24.0,0.0,1.0,3.0,1.0,0.0
0.0,1.0,1.0,6.5,2.0,1.0,4.0,0.0,1.0,0.0,25.0,0.0,1.0,53.0,0.0,0.0
0.0,1.0,1.0,19.25,3.0,0.0,2.0,21.0,0.0,1.0,68.0,0.0,,59.0,0.0,0.0
0.0,11.0,0.0,0.0,1.0,0.0,3.0,0.0,0.0,1.0,20.0,0.0,,13.0,0.0,0.0
0.0,4.0,0.0,0.0,3.0,0.0,1.0,15.0,0.0,0.0,48.0,0.0,,31.0,0.0,0.0
0.0,6.0,0.0,0.0,3.0,0.0,2.0,8.0,0.0,1.0,40.0,1.0,,40.0,0.0,0.0
0.0,15.0,1.0,25.5,3.0,0.0,1.0,25.0,0.0,0.0,79.0,0.0,1.0,48.0,0.0,0.0
1.0,1.0,1.0,23.5,1.0,0.0,1.0,0.0,1.0,0.0,28.0,0.0,1.0,3.0,0.0,0.0
0.0,12.0,1.0,17.0,1.0,0.0,2.0,22.0,0.0,1.0,64.0,0.0,3.0,51.0,0.0,0.0
0.0,15.0,0.0,0.0,1.0,0.0,2.0,11.0,0.0,0.0,37.0,0.0,3.0,33.0,0.0,0.0
0.0,7.0,0.0,0.0,1.0,0.0,1.0,13.0,0.0,0.0,48.0,1.0,1.0,14.0,0.0,0.0
1.0,6.0,0.0,0.0,2.0,1.0,5.0,6.0,1.0,0.0,131.0,1.0,2.0,17.0,0.0,1.0
1.0,9.0,0.0,0.0,1.0,1.0,2.0,2.0,0.0,0.0,18.0,1.0,,19.0,0.0,0.0
0.0,10.0,1.0,17.75,2.0,0.0,2.0,14.0,0.0,1.0,38.0,0.0,,58.0,0.0,0.0
0.0,3.0,1.0,9.0,4.0,1.0,2.0,4.0,1.0,1.0,37.0,0.0,,22.0,1.0,1.0
1.0,1.0,0.0,0.0,2.0,1.0,4.0,6.0,1.0,0.0,60.0,1.0,,29.0,0.0,0.0
1.0,2.0,0.0,0.0,2.0,0.0,3.0,0.0,1.0,1.0,13.0,1.0,3.0,14.0,0.0,0.0
0.0,18.0,1.0,11.25,4.0,0.0,1.0,31.0,0.0,1.0,98.0,1.0,1.0,70.0,1.0,1.0
1.0,2.0,1.0,36.0,3.0,0.0,1.0,23.0,0.0,0.0,195.0,1.0,,62.0,0.0,1.0
1.0,0.0,0.0,0.0,1.0,0.0,1.0,14.0,0.0,0.0,47.0,1.0,3.0,7.0,0.0,0.0
0.0,19.0,1.0,36.5,4.0,0.0,2.0,22.0,0.0,0.0,65.0,1.0,2.0,56.0,1.0,1.0
1.0,22.0,1.0,50.75,2.0,1.0,5.0,5.0,1.0,1.0,150.0,1.0,3.0,50.0,1.0,0.0
0.0,6.0,1.0,12.25,3.0,0.0,5.0,8.0,1.0,0.0,106.0,0.0,,57.0,0.0,1.0
0.0,19.0,0.0,0.0,1.0,1.0,4.0,14.0,0.0,1.0,51.0,0.0,2.0,2.0,1.0,0.0
0.0,17.0,0.0,0.0,1.0,0.0,4.0,0.0,0.0,1.0,96.0,0.0,3.0,40.0,0.0,0.0
0.0,4.0,1.0,16.25,3.0,0.0,5.0,7.0,0.0,0.0,33.0,0.0,2.0,6.0,0.0,1.0
0.0,6.0,1.0,3.75,3.0,0.0,2.0,1.0,1.0,1.0,38.0,1.0,2.0,23.0,0.0,0.0
1.0,6.0,1.0,19.0,4.0,1.0,4.0,5.0,1.0,0.0,125.0,0.0,3.0,11.0,1.0,1.0
0.0,13.0,1.0,17.75,4.0,0.0,5.0,0.0,1.0,1.0,145.0,1.0,,29.0,1.0,1.0
0.0,2.0,1.0,9.75,3.0,0.0,2.0,21.0,0.0,0.0,99.0,1.0,1.0,42.0,0.0,0.0
0.0,2.0,1.0,34.75,4.0,1.0,4.0,0.0,1.0,1.0,22.0,1.0,3.0,20.0,0.0,1.0
0.0,21.0,1.0,33.5,2.0,0.0,1.0,38.0,0.0,0.0,31.0,1.0,,72.0,0.0,0.0
0.0,3.0,1.0,5.0,3.0,0.0,1.0,6.0,1.0,1.0,25.0,0.0,3.0,2.0,0.0,1.0
0.0,5.0,1.0,9.75,1.0,1.0,5.0,0.0,1.0,1.0,57.0,0.0,3.0,46.0,0.0,1.0
0.0,21.0,1.0,9.75,4.0,1.0,5.0,20.0,1.0,0.0,41.0,1.0,2.0,39.0,1.0,1.0
1.0,1.0,0.0,0.0,2.0,0.0,3.0,1.0,1.0,1.0,20.0,1.0,2.0,24.0,0.0,0.0
0.0,4.0,1.0,20.75,2.0,0.0,2.0,22.0,0.0,1.0,101.0,1.0,,59.0,0.0,0.0
0.0,8.0,1.0,10.75,2.0,0.0,2.0,15.0,0.0,0.0,56.0,0.0,,65.0,0.0,0.0
0.0,5.0,1.0,13.25,1.0,0.0,2.0,5.0,0.0,1.0,22.0,1.0,3.0,50.0,0.0,0.0
0.0,11.0,1.0,8.0,3.0,0.0,4.0,9.0,1.0,1.0,108.0,0.0,1.0,57.0,0.0,0.0
0.0,14.0,1.0,17.25,4.0,1.0,4.0,20.0,1.0,1.0,115.0,0.0,,61.0,1.0,1.0
0.0,31.0,1.0,56.5,4.0,1.0,4.0,22.0,1.0,0.0,53.0,0.0,,34.0,1.0,1.0
0.0,13.0,1.0,28.5,4.0,1.0,4.0,12.0,1.0,0.0,242.0,0.0,,38.0,1.0,1.0
0.0,2.0,1.0,9.25,3.0,0.0,2.0,3.0,0.0,1.0,20.0,1.0,3.0,3.0,1.0,0.0
0.0,5.0,1.0,13.75,1.0,1.0,4.0,11.0,1.0,0.0,123.0,0.0,3.0,4.0,0.0,0.0
0.0,0.0,0.0,0.0,1.0,0.0,1.0,12.0,0.0,0.0,34.0,0.0,2.0,15.0,0.0,0.0
1.0,8.0,0.0,0.0,2.0,1.0,4.0,3.0,1.0,1.0,31.0,1.0,,25.0,0.0,0.0
0.0,25.0,1.0,14.5,3.0,0.0,1.0,12.0,0.0,1.0,47.0,0.0,,21.0,0.0,0.0
0.0,11.0,1.0,8.75,3.0,0.0,3.0,8.0,0.0,1.0,48.0,1.0,,50.0,0.0,0.0
0.0,22.0,1.0,15.75,3.0,0.0,2.0,5.0,0.0,1.0,13.0,1.0,2.0,65.0,0.0,0.0
0.0,18.0,0.0,0.0,1.0,0.0,1.0,25.0,0.0,0.0,78.0,1.0,3.0,59.0,0.0,0.0
0.0,7.0,1.0,16.0,3.0,0.0,1.0,7.0,0.0,1.0,34.0,0.0,,29.0,0.0,0.0
0.0,17.0,1.0,10.25,2.0,1.0,5.0,9.0,1.0,1.0,81.0,0.0,2.0,60.0,0.0,0.0
0.0,14.0,1.0,35.0,2.0,0.0,2.0,25.0,1.0,0.0,86.0,1.0,3.0,71.0,0.0,0.0
1.0,0.0,1.0,9.25,4.0,1.0,4.0,2.0,1.0,0.0,26.0,1.0,2.0,38.0,1.0,1.0
0.0,5.0,1.0,16.5,1.0,0.0,2.0,8.0,0.0,1.0,51.0,1.0,1.0,16.0,0.0,0.0
0.0,10.0,0.0,0.0,1.0,1.0,3.0,10.0,1.0,0.0,59.0,0.0,,7.0,1.0,0.0
1.0,21.0,0.0,0.0,2.0,1.0,4.0,16.0,1.0,0.0,112.0,0.0,3.0,59.0,0.0,1.0
0.0,14.0,1.0,10.5,4.0,0.0,4.0,28.0,1.0,0.0,57.0,1.0,,22.0,1.0,1.0
0.0,20.0,1.0,8.0,1.0,0.0,1.0,2.0,0.0,1.0,41.0,1.0,1.0,18.0,0.0,0.0
0.0,19.0,1.0,38.75,4.0,1.0,2.0,26.0,1.0,1.0,168.0,1.0,3.0,64.0,1.0,1.0
1.0,4.0,0.0,0.0,1.0,1.0,4.0,4.0,1.0,1.0,29.0,0.0,1.0,7.0,0.0,0.0
0.0,13.0,1.0,17.25,2.0,0.0,2.0,14.0,0.0,1.0,167.0,0.0,3.0,65.0,0.0,0.0
1.0,5.0,0.0,0.0,1.0,0.0,2.0,3.0,0.0,0.0,29.0,0.0,,7.0,0.0,0.0
0.0,28.0,1.0,39.25,3.0,0.0,1.0,26.0,0.0,1.0,104.0,0.0,,64.0,0.0,0.0
1.0,0.0,1.0,6.0,4.0,0.0,4.0,0.0,1.0,0.0,46.0,1.0,1.0,42.0,1.0,1.0
0.0,5.0,1.0,6.0,4.0,1.0,4.0,1.0,1.0,1.0,46.0,0.0,,33.0,0.0,1.0
1.0,8.0,0.0,0.0,1.0,0.0,4.0,0.0,1.0,1.0,51.0,0.0,2.0,3.0,0.0,0.0
0.0,11.0,1.0,31.5,4.0,1.0,2.0,18.0,1.0,0.0,65.0,1.0,,69.0,1.0,1.0
0.0,1.0,1.0,30.5,1.0,0.0,2.0,13.0,0.0,0.0,48.0,0.0,3.0,9.0,0.0,0.0
0.0,1.0,0.0,0.0,2.0,0.0,3.0,1.0,1.0,0.0,46.0,1.0,,22.0,0.0,0.0
0.0,15.0,1.0,11.0,2.0,1.0,2.0,18.0,1.0,0.0,43.0,1.0,2.0,53.0,0.0,0.0
0.0,30.0,1.0,14.75,2.0,0.0,1.0,34.0,0.0,0.0,110.0,0.0,,71.0,0.0,0.0
0.0,2.0,0.0,0.0,1.0,1.0,3.0,2.0,0.0,0.0,32.0,0.0,,24.0,0.0,0.0
0.0,1.0,0.0,0.0,1.0,1.0,3.0,0.0,0.0,1.0,18.0,1.0,1.0,12.0,0.0,0.0
1.0,1.0,1.0,23.0,2.0,1.0,4.0,0.0,1.0,0.0,26.0,1.0,,25.0,1.0,1.0
0.0,9.0,1.0,17.5,3.0,0.0,2.0,10.0,0.0,1.0,34.0,1.0,2.0,63.0,1.0,1.0
1.0,18.0,0.0,0.0,3.0,0.0,4.0,4.0,1.0,1.0,57.0,1.0,1.0,33.0,0.0,0.0
0.0,20.0,1.0,17.0,1.0,0.0,2.0,0.0,0.0,1.0,21.0,1.0,,57.0,0.0,0.0
0.0,7.0,1.0,12.5,4.0,1.0,3.0,10.0,1.0,1.0,38.0,0.0,1.0,13.0,1.0,1.0
1.0,2.0,1.0,5.0,2.0,0.0,3.0,0.0,1.0,1.0,19.0,0.0,,13.0,0.0,0.0
0.0,2.0,1.0,38.5,3.0,0.0,3.0,17.0,0.0,0.0,40.0,0.0,1.0,71.0,1.0,0.0
0.0,11.0,1.0,11.75,4.0,1.0,3.0,8.0,1.0,0.0,58.0,1.0,,18.0,1.0,1.0
1.0,10.0,0.0,0.0,1.0,0.0,2.0,15.0,0.0,1.0,95.0,1.0,2.0,17.0,0.0,0.0
0.0,4.0,0.0,0.0,1.0,0.0,2.0,19.0,1.0,0.0,114.0,0.0,3.0,22.0,0.0,0.0
0.0,27.0,1.0,14.5,3.0,0.0,3.0,24.0,0.0,0.0,128.0,1.0,2.0,65.0,0.0,0.0
0.0,9.0,0.0,0.0,1.0,1.0,4.0,2.0,0.0,1.0,33.0,0.0,3.0,7.0,0.0,0.0
0.0,30.0,1.0,18.75,4.0,0.0,4.0,41.0,1.0,1.0,460.0,0.0,1.0,72.0,1.0,0.0
0.0,12.0,1.0,9.5,1.0,0.0,3.0,17.0,0.0,0.0,224.0,0.0,2.0,35.0,0.0,0.0
0.0,2.0,1.0,9.75,4.0,0.0,4.0,12.0,0.0,0.0,122.0,0.0,2.0,24.0,0.0,1.0
0.0,0.0,0.0,0.0,2.0,0.0,3.0,1.0,1.0,1.0,23.0,1.0,,64.0,0.0,0.0
0.0,19.0,1.0,7.0,2.0,0.0,3.0,27.0,0.0,0.0,191.0,1.0,3.0,63.0,0.0,0.0
1.0,7.0,1.0,34.0,4.0,0.0,4.0,6.0,0.0,0.0,187.0,1.0,1.0,38.0,1.0,1.0
0.0,9.0,0.0,0.0,1.0,0.0,3.0,12.0,0.0,0.0,119.0,1.0,2.0,29.0,0.0,0.0
0.0,49.0,1.0,12.5,3.0,0.0,2.0,44.0,0.0,1.0,44.0,1.0,1.0,72.0,0.0,0.0
1.0,2.0,1.0,7.5,4.0,1.0,3.0,2.0,1.0,1.0,15.0,1.0,1.0,10.0,1.0,1.0
0.0,41.0,1.0,48.75,3.0,0.0,4.0,37.0,0.0,1.0,674.0,0.0,3.0,72.0,1.0,1.0
0.0,4.0,1.0,18.75,3.0,0.0,4.0,0.0,0.0,1.0,33.0,1.0,3.0,52.0,0.0,0.0
0.0,3.0,0.0,0.0,1.0,0.0,2.0,35.0,0.0,1.0,250.0,0.0,1.0,13.0,0.0,0.0
1.0,6.0,0.0,0.0,1.0,1.0,4.0,0.0,1.0,0.0,64.0,0.0,3.0,3.0,0.0,0.0
1.0,2.0,1.0,12.5,1.0,1.0,2.0,4.0,0.0,0.0,26.0,1.0,,39.0,0.0,0.0
0.0,4.0,0.0,0.0,2.0,1.0,3.0,5.0,0.0,0.0,23.0,0.0,2.0,28.0,0.0,0.0
0.0,9.0,1.0,21.0,2.0,0.0,4.0,7.0,0.0,0.0,52.0,0.0,1.0,46.0,0.0,0.0
0.0,27.0,1.0,74.0,1.0,0.0,3.0,9.0,0.0,1.0,200.0,0.0,1.0,62.0,0.0,0.0
0.0,7.0,1.0,14.0,3.0,0.0,1.0,4.0,0.0,0.0,28.0,1.0,3.0,23.0,0.0,0.0
1.0,5.0,0.0,0.0,4.0,1.0,5.0,0.0,1.0,0.0,19.0,1.0,1.0,23.0,1.0,0.0
0.0,39.0,1.0,69.5,4.0,0.0,3.0,21.0,1.0,0.0,76.0,1.0,3.0,72.0,1.0,1.0
0.0,26.0,0.0,0.0,1.0,1.0,2.0,20.0,1.0,0.0,70.0,0.0,,56.0,0.0,1.0
0.0,1.0,1.0,13.25,3.0,0.0,2.0,9.0,0.0,1.0,34.0,0.0,2.0,8.0,0.0,0.0
0.0,7.0,0.0,0.0,4.0,1.0,5.0,3.0,1.0,1.0,34.0,0.0,,3.0,1.0,0.0
0.0,7.0,0.0,0.0,1.0,1.0,3.0,13.0,0.0,0.0,172.0,0.0,3.0,37.0,0.0,0.0
0.0,13.0,1.0,10.25,3.0,0.0,1.0,10.0,0.0,0.0,48.0,1.0,3.0,37.0,0.0,0.0
1.0,9.0,0.0,0.0,1.0,0.0,2.0,2.0,0.0,1.0,45.0,0.0,3.0,6.0,0.0,0.0
1.0,9.0,1.0,16.0,4.0,0.0,3.0,13.0,0.0,0.0,72.0,0.0,,48.0,1.0,1.0
0.0,3.0,1.0,16.0,4.0,0.0,4.0,18.0,1.0,1.0,55.0,1.0,1.0,43.0,1.0,1.0
0.0,7.0,1.0,19.25,1.0,0.0,4.0,2.0,1.0,1.0,40.0,0.0,,21.0,0.0,1.0
1.0,12.0,1.0,24.25,3.0,0.0,3.0,0.0,0.0,0.0,26.0,0.0,1.0,6.0,1.0,1.0
0.0,18.0,1.0,33.5,3.0,0.0,1.0,33.0,0.0,0.0,96.0,0.0,,69.0,0.0,0.0
0.0,9.0,1.0,18.75,3.0,0.0,1.0,10.0,0.0,0.0,54.0,0.0,1.0,22.0,0.0,0.0
0.0,1.0,1.0,28.5,3.0,0.0,2.0,9.0,0.0,1.0,47.0,1.0,3.0,28.0,0.0,0.0
0.0,23.0,1.0,82.25,2.0,0.0,1.0,30.0,0.0,0.0,142.0,1.0,,71.0,0.0,0.0
0.0,5.0,0.0,0.0,1.0,0.0,4.0,1.0,0.0,0.0,57.0,0.0,3.0,7.0,0.0,0.0
0.0,10.0,1.0,10.0,4.0,1.0,3.0,7.0,1.0,0.0,20.0,0.0,2.0,63.0,1.0,1.0
0.0,25.0,1.0,9.25,2.0,0.0,1.0,7.0,0.0,0.0,37.0,0.0,2.0,53.0,0.0,0.0
0.0,17.0,1.0,48.0,4.0,1.0,4.0,16.0,0.0,0.0,36.0,1.0,1.0,50.0,1.0,1.0
0.0,6.0,1.0,16.5,4.0,1.0,4.0,2.0,1.0,0.0,24.0,1.0,,39.0,0.0,0.0
0.0,0.0,0.0,0.0,1.0,0.0,2.0,0.0,0.0,1.0,21.0,0.0,3.0,16.0,0.0,0.0
0.0,15.0,1.0,20.25,4.0,0.0,3.0,25.0,0.0,0.0,186.0,1.0,2.0,43.0,1.0,1.0
0.0,12.0,1.0,13.0,1.0,0.0,1.0,7.0,0.0,1.0,30.0,0.0,,44.0,0.0,0.0
0.0,43.0,1.0,21.5,4.0,1.0,2.0,16.0,0.0,1.0,96.0,1.0,1.0,72.0,1.0,1.0
0.0,39.0,1.0,24.0,3.0,0.0,1.0,29.0,0.0,0.0,15.0,0.0,3.0,61.0,0.0,0.0
1.0,1.0,0.0,0.0,2.0,0.0,1.0,4.0,0.0,0.0,25.0,1.0,3.0,43.0,0.0,0.0
0.0,11.0,0.0,0.0,1.0,0.0,3.0,7.0,1.0,1.0,49.0,0.0,3.0,24.0,0.0,0.0
1.0,4.0,1.0,10.25,3.0,0.0,2.0,7.0,0.0,1.0,38.0,0.0,3.0,64.0,1.0,0.0
0.0,0.0,1.0,16.75,2.0,0.0,2.0,2.0,0.0,0.0,29.0,0.0,,64.0,0.0,0.0
0.0,7.0,0.0,0.0,1.0,0.0,2.0,7.0,0.0,1.0,55.0,0.0,3.0,24.0,0.0,0.0
0.0,21.0,1.0,24.75,1.0,0.0,3.0,10.0,0.0,1.0,64.0,1.0,3.0,33.0,0.0,0.0
0.0,12.0,1.0,23.0,2.0,0.0,4.0,7.0,1.0,1.0,42.0,1.0,1.0,33.0,1.0,1.0
0.0,9.0,0.0,0.0,1.0,1.0,4.0,2.0,1.0,0.0,134.0,0.0,1.0,2.0,0.0,0.0
0.0,22.0,1.0,17.0,4.0,1.0,1.0,21.0,0.0,1.0,82.0,1.0,,42.0,0.0,0.0
1.0,5.0,0.0,0.0,2.0,1.0,5.0,10.0,1.0,0.0,153.0,1.0,1.0,52.0,1.0,1.0
0.0,43.0,1.0,13.0,2.0,0.0,2.0,13.0,0.0,1.0,144.0,0.0,3.0,45.0,0.0,0.0
1.0,4.0,1.0,19.5,4.0,1.0,4.0,0.0,1.0,0.0,22.0,0.0,,3.0,1.0,0.0
0.0,16.0,0.0,0.0,3.0,0.0,1.0,16.0,0.0,1.0,35.0,1.0,,37.0,0.0,0.0
1.0,33.0,0.0,0.0,2.0,1.0,4.0,22.0,1.0,1.0,82.0,0.0,3.0,28.0,1.0,0.0
0.0,9.0,1.0,41.0,1.0,0.0,1.0,22.0,0.0,0.0,61.0,1.0,2.0,40.0,0.0,0.0
0.0,1.0,1.0,10.25,4.0,1.0,2.0,12.0,1.0,0.0,102.0,0.0,3.0,37.0,0.0,1.0
1.0,5.0,0.0,0.0,4.0,1.0,3.0,4.0,1.0,0.0,31.0,0.0,1.0,7.0,1.0,1.0
0.0,23.0,1.0,30.0,4.0,0.0,1.0,30.0,0.0,1.0,170.0,0.0,,71.0,1.0,0.0
0.0,11.0,1.0,5.0,1.0,1.0,2.0,0.0,0.0,1.0,26.0,0.0,,19.0,0.0,0.0
0.0,15.0,1.0,22.75,3.0,1.0,3.0,15.0,0.0,1.0,85.0,0.0,3.0,61.0,0.0,0.0
0.0,16.0,1.0,15.0,2.0,0.0,2.0,35.0,0.0,1.0,183.0,1.0,,70.0,0.0,0.0
0.0,13.0,1.0,14.75,1.0,0.0,1.0,18.0,0.0,1.0,67.0,1.0,2.0,60.0,0.0,0.0
0.0,5.0,0.0,0.0,1.0,0.0,1.0,11.0,0.0,1.0,42.0,1.0,2.0,48.0,0.0,0.0
0.0,1.0,1.0,11.25,3.0,0.0,1.0,9.0,0.0,0.0,31.0,1.0,3.0,8.0,0.0,0.0
0.0,10.0,0.0,0.0,3.0,0.0,2.0,17.0,0.0,0.0,96.0,1.0,3.0,58.0,0.0,0.0
0.0,5.0,1.0,14.75,3.0,0.0,3.0,2.0,0.0,0.0,24.0,1.0,,16.0,0.0,0.0
0.0,4.0,0.0,0.0,1.0,0.0,2.0,14.0,0.0,1.0,53.0,0.0,,33.0,0.0,0.0
0.0,4.0,0.0,0.0,3.0,0.0,1.0,0.0,0.0,1.0,18.0,0.0,2.0,39.0,0.0,0.0
0.0,10.0,1.0,17.0,2.0,1.0,4.0,19.0,1.0,0.0,43.0,0.0,,62.0,0.0,1.0
0.0,10.0,1.0,20.25,4.0,1.0,3.0,9.0,1.0,0.0,104.0,0.0,,50.0,1.0,1.0
0.0,31.0,0.0,0.0,1.0,0.0,1.0,1.0,0.0,0.0,26.0,0.0,1.0,48.0,0.0,0.0
0.0,5.0,1.0,13.75,3.0,0.0,2.0,26.0,0.0,1.0,56.0,0.0,1.0,31.0,1.0,0.0
0.0,9.0,1.0,17.5,2.0,0.0,2.0,6.0,0.0,0.0,49.0,1.0,,65.0,0.0,0.0
0.0,34.0,1.0,8.5,2.0,0.0,1.0,21.0,0.0,1.0,80.0,0.0,,36.0,0.0,0.0
0.0,5.0,1.0,84.75,3.0,0.0,3.0,18.0,0.0,1.0,318.0,0.0,2.0,61.0,1.0,0.0
0.0,21.0,0.0,0.0,3.0,0.0,4.0,5.0,0.0,0.0,35.0,0.0,1.0,48.0,0.0,0.0
0.0,17.0,0.0,0.0,1.0,0.0,1.0,6.0,0.0,0.0,29.0,0.0,3.0,35.0,0.0,0.0
0.0,8.0,1.0,20.0,4.0,1.0,5.0,1.0,1.0,0.0,43.0,0.0,,51.0,1.0,1.0
1.0,5.0,1.0,36.0,4.0,1.0,5.0,3.0,1.0,0.0,80.0,1.0,3.0,49.0,1.0,1.0
1.0,11.0,0.0,0.0,3.0,0.0,3.0,2.0,0.0,1.0,30.0,1.0,,35.0,0.0,0.0
0.0,2.0,1.0,29.75,2.0,0.0,3.0,24.0,1.0,1.0,9.0,0.0,,58.0,0.0,1.0
0.0,0.0,0.0,0.0,3.0,0.0,2.0,1.0,0.0,0.0,23.0,1.0,,23.0,0.0,0.0
0.0,15.0,1.0,6.5,3.0,0.0,4.0,9.0,0.0,1.0,58.0,1.0,2.0,26.0,0.0,1.0
0.0,1.0,1.0,18.75,4.0,0.0,1.0,20.0,0.0,1.0,52.0,1.0,3.0,38.0,1.0,1.0
0.0,44.0,0.0,0.0,3.0,0.0,3.0,12.0,0.0,1.0,14.0,1.0,1.0,35.0,0.0,0.0
0.0,9.0,1.0,11.25,3.0,0.0,2.0,21.0,0.0,1.0,110.0,0.0,,37.0,0.0,0.0
0.0,1.0,1.0,31.5,2.0,0.0,2.0,12.0,1.0,0.0,60.0,1.0,,48.0,0.0,0.0
0.0,1.0,1.0,6.75,4.0,1.0,3.0,21.0,1.0,0.0,123.0,1.0,1.0,13.0,0.0,0.0
0.0,29.0,1.0,31.25,3.0,0.0,5.0,31.0,0.0,0.0,15.0,1.0,,72.0,0.0,0.0
1.0,4.0,1.0,21.25,2.0,0.0,4.0,2.0,0.0,1.0,47.0,0.0,,30.0,0.0,0.0
0.0,14.0,1.0,8.0,3.0,0.0,4.0,11.0,0.0,1.0,138.0,0.0,2.0,24.0,0.0,1.0
0.0,20.0,1.0,40.5,4.0,0.0,3.0,29.0,1.0,0.0,359.0,1.0,,25.0,1.0,1.0
0.0,30.0,1.0,12.0,4.0,1.0,3.0,22.0,1.0,0.0,214.0,0.0,1.0,50.0,1.0,1.0
0.0,7.0,0.0,0.0,3.0,0.0,1.0,19.0,0.0,0.0,64.0,0.0,1.0,28.0,0.0,0.0
0.0,8.0,1.0,15.75,1.0,1.0,4.0,14.0,0.0,0.0,50.0,0.0,3.0,34.0,1.0,0.0
0.0,2.0,1.0,29.75,4.0,0.0,3.0,9.0,0.0,0.0,88.0,0.0,2.0,48.0,1.0,1.0
0.0,8.0,0.0,0.0,2.0,0.0,2.0,15.0,1.0,1.0,86.0,1.0,,42.0,0.0,0.0
0.0,30.0,1.0,12.0,3.0,0.0,1.0,29.0,0.0,1.0,17.0,1.0,,67.0,0.0,0.0
0.0,7.0,0.0,0.0,3.0,1.0,2.0,17.0,1.0,0.0,25.0,1.0,,17.0,0.0,0.0
0.0,19.0,0.0,0.0,2.0,1.0,2.0,6.0,1.0,0.0,46.0,1.0,,29.0,0.0,0.0
0.0,26.0,1.0,38.5,2.0,0.0,1.0,40.0,0.0,1.0,361.0,0.0,1.0,66.0,0.0,0.0
1.0,1.0,0.0,0.0,1.0,1.0,3.0,0.0,1.0,1.0,18.0,0.0,,1.0,0.0,0.0
1.0,3.0,0.0,0.0,4.0,1.0,4.0,1.0,1.0,0.0,14.0,1.0,2.0,28.0,0.0,1.0
1.0,5.0,0.0,0.0,2.0,1.0,3.0,8.0,1.0,0.0,34.0,1.0,,15.0,0.0,0.0
0.0,13.0,1.0,8.5,3.0,1.0,2.0,6.0,1.0,1.0,9.0,0.0,3.0,12.0,0.0,0.0
1.0,18.0,1.0,23.5,4.0,0.0,2.0,5.0,1.0,1.0,39.0,0.0,2.0,48.0,1.0,1.0
0.0,4.0,1.0,22.75,1.0,0.0,3.0,2.0,1.0,0.0,18.0,1.0,2.0,59.0,0.0,0.0
1.0,1.0,0.0,0.0,1.0,1.0,4.0,1.0,1.0,0.0,25.0,1.0,2.0,8.0,0.0,0.0
1.0,15.0,1.0,8.75,2.0,1.0,5.0,8.0,0.0,1.0,46.0,0.0,3.0,45.0,0.0,0.0
1.0,8.0,0.0,0.0,2.0,0.0,4.0,11.0,1.0,1.0,94.0,1.0,,25.0,0.0,0.0
0.0,4.0,1.0,23.5,4.0,0.0,3.0,2.0,1.0,0.0,26.0,1.0,1.0,21.0,1.0,1.0
0.0,1.0,1.0,29.25,4.0,0.0,1.0,35.0,0.0,1.0,335.0,1.0,,17.0,1.0,1.0
1.0,14.0,1.0,14.0,1.0,1.0,3.0,6.0,1.0,0.0,25.0,0.0,2.0,41.0,0.0,1.0
1.0,3.0,1.0,23.75,3.0,0.0,3.0,8.0,0.0,1.0,99.0,1.0,,13.0,1.0,0.0
1.0,3.0,0.0,0.0,1.0,1.0,2.0,7.0,1.0,1.0,30.0,1.0,1.0,1.0,0.0,0.0
1.0,4.0,0.0,0.0,4.0,1.0,2.0,2.0,1.0,1.0,35.0,1.0,,3.0,1.0,1.0
1.0,2.0,0.0,0.0,1.0,0.0,5.0,1.0,1.0,1.0,51.0,1.0,2.0,23.0,1.0,0.0
1.0,20.0,1.0,24.5,4.0,1.0,3.0,13.0,1.0,0.0,49.0,0.0,1.0,26.0,1.0,1.0
0.0,15.0,1.0,8.25,3.0,0.0,1.0,15.0,0.0,0.0,54.0,1.0,,37.0,0.0,0.0
1.0,3.0,0.0,0.0,2.0,1.0,4.0,7.0,1.0,0.0,46.0,0.0,,5.0,0.0,0.0
1.0,3.0,1.0,3.75,4.0,1.0,4.0,1.0,1.0,1.0,91.0,1.0,2.0,32.0,1.0,1.0
0.0,1.0,0.0,0.0,1.0,0.0,4.0,0.0,0.0,0.0,23.0,0.0,,12.0,0.0,0.0
0.0,6.0,1.0,18.25,3.0,0.0,1.0,32.0,0.0,0.0,345.0,1.0,2.0,72.0,0.0,0.0
1.0,2.0,0.0,0.0,1.0,1.0,4.0,0.0,1.0,1.0,45.0,1.0,2.0,3.0,0.0,0.0
0.0,12.0,1.0,16.75,3.0,0.0,2.0,12.0,0.0,0.0,53.0,0.0,2.0,54.0,0.0,0.0
1.0,2.0,0.0,0.0,4.0,1.0,2.0,6.0,1.0,1.0,14.0,0.0,,26.0,0.0,1.0
0.0,13.0,0.0,0.0,1.0,0.0,5.0,4.0,1.0,1.0,67.0,0.0,1.0,14.0,0.0,0.0
0.0,27.0,1.0,17.5,1.0,1.0,3.0,1.0,1.0,0.0,49.0,0.0,2.0,22.0,0.0,0.0
0.0,18.0,1.0,14.0,1.0,0.0,1.0,15.0,0.0,1.0,37.0,1.0,3.0,65.0,0.0,0.0
0.0,18.0,1.0,11.25,1.0,0.0,1.0,9.0,0.0,0.0,33.0,0.0,2.0,26.0,0.0,0.0
0.0,5.0,1.0,6.25,4.0,1.0,3.0,10.0,1.0,1.0,46.0,0.0,1.0,20.0,1.0,1.0
0.0,32.0,1.0,42.75,2.0,1.0,1.0,21.0,1.0,0.0,93.0,1.0,2.0,67.0,0.0,0.0
0.0,2.0,0.0,0.0,1.0,0.0,2.0,11.0,0.0,0.0,48.0,0.0,1.0,34.0,0.0,0.0
0.0,35.0,1.0,7.5,3.0,0.0,2.0,22.0,0.0,0.0,183.0,1.0,2.0,37.0,0.0,0.0
0.0,3.0,1.0,8.5,1.0,0.0,1.0,5.0,0.0,0.0,16.0,1.0,,22.0,0.0,0.0
0.0,0.0,1.0,8.0,1.0,0.0,2.0,14.0,0.0,0.0,11.0,0.0,,5.0,0.0,0.0
0.0,0.0,0.0,0.0,3.0,0.0,4.0,5.0,0.0,1.0,42.0,1.0,,28.0,0.0,0.0
0.0,7.0,0.0,0.0,1.0,0.0,4.0,14.0,0.0,1.0,67.0,1.0,1.0,20.0,0.0,0.0
0.0,20.0,1.0,7.75,4.0,1.0,4.0,12.0,1.0,0.0,181.0,0.0,1.0,72.0,1.0,1.0
0.0,18.0,0.0,0.0,1.0,1.0,4.0,6.0,1.0,0.0,53.0,0.0,,30.0,0.0,0.0
0.0,17.0,1.0,27.25,4.0,0.0,2.0,32.0,1.0,0.0,172.0,0.0,3.0,71.0,1.0,1.0
0.0,24.0,1.0,16.25,3.0,0.0,2.0,19.0,0.0,0.0,87.0,0.0,2.0,56.0,0.0,0.0
1.0,2.0,0.0,0.0,1.0,0.0,5.0,0.0,1.0,0.0,21.0,1.0,,8.0,0.0,0.0
0.0,6.0,0.0,0.0,2.0,1.0,2.0,30.0,0.0,1.0,9.0,0.0,,32.0,0.0,0.0
1.0,22.0,0.0,0.0,3.0,0.0,3.0,22.0,0.0,1.0,144.0,0.0,1.0,46.0,0.0,0.0
0.0,23.0,1.0,19.5,4.0,1.0,4.0,11.0,1.0,0.0,117.0,1.0,3.0,60.0,1.0,1.0
0.0,0.0,1.0,22.75,4.0,0.0,4.0,4.0,1.0,1.0,59.0,1.0,1.0,42.0,1.0,1.0
0.0,39.0,1.0,21.0,4.0,0.0,4.0,35.0,0.0,0.0,508.0,1.0,2.0,71.0,1.0,0.0
0.0,40.0,1.0,15.5,3.0,0.0,2.0,43.0,0.0,1.0,222.0,1.0,3.0,72.0,0.0,0.0
0.0,11.0,1.0,21.25,1.0,0.0,3.0,25.0,0.0,1.0,87.0,0.0,2.0,45.0,0.0,0.0
1.0,4.0,1.0,12.75,3.0,0.0,1.0,9.0,1.0,0.0,34.0,0.0,,5.0,1.0,1.0
0.0,19.0,0.0,0.0,2.0,0.0,4.0,0.0,0.0,1.0,18.0,1.0,2.0,17.0,0.0,0.0
0.0,12.0,1.0,20.5,3.0,0.0,3.0,24.0,0.0,0.0,65.0,0.0,,70.0,1.0,0.0
0.0,19.0,1.0,12.75,2.0,1.0,3.0,27.0,1.0,1.0,130.0,1.0,,57.0,0.0,0.0
0.0,13.0,0.0,0.0,2.0,1.0,3.0,8.0,1.0,1.0,44.0,0.0,3.0,20.0,0.0,0.0
0.0,21.0,1.0,33.25,3.0,0.0,1.0,24.0,0.0,0.0,63.0,1.0,3.0,72.0,0.0,0.0
0.0,28.0,1.0,37.75,3.0,0.0,4.0,20.0,0.0,0.0,57.0,0.0,2.0,32.0,0.0,1.0
0.0,7.0,1.0,6.0,3.0,0.0,1.0,35.0,0.0,1.0,264.0,1.0,,22.0,0.0,0.0
1.0,2.0,1.0,28.25,3.0,0.0,1.0,5.0,0.0,0.0,28.0,0.0,3.0,6.0,0.0,0.0
0.0,2.0,1.0,28.25,4.0,0.0,3.0,1.0,1.0,1.0,26.0,1.0,2.0,32.0,1.0,0.0
0.0,3.0,1.0,12.25,2.0,1.0,4.0,0.0,1.0,0.0,38.0,0.0,1.0,38.0,0.0,0.0
0.0,15.0,1.0,18.5,3.0,0.0,3.0,5.0,0.0,1.0,59.0,0.0,2.0,53.0,0.0,0.0
0.0,38.0,1.0,6.25,1.0,0.0,4.0,21.0,0.0,1.0,117.0,0.0,,37.0,0.0,0.0
1.0,13.0,0.0,0.0,4.0,1.0,4.0,9.0,1.0,1.0,70.0,1.0,1.0,47.0,1.0,1.0
0.0,37.0,1.0,13.75,3.0,0.0,2.0,13.0,0.0,0.0,104.0,0.0,,69.0,1.0,0.0
0.0,17.0,1.0,24.75,1.0,0.0,3.0,18.0,0.0,1.0,71.0,0.0,3.0,63.0,0.0,0.0
1.0,0.0,1.0,18.75,4.0,1.0,3.0,7.0,1.0,1.0,70.0,1.0,3.0,61.0,1.0,1.0
0.0,8.0,1.0,11.5,4.0,1.0,4.0,10.0,1.0,0.0,56.0,1.0,,56.0,0.0,1.0
0.0,18.0,0.0,0.0,3.0,0.0,1.0,23.0,0.0,0.0,68.0,1.0,1.0,40.0,0.0,0.0
0.0,21.0,1.0,35.25,2.0,0.0,2.0,13.0,0.0,1.0,80.0,0.0,3.0,61.0,0.0,0.0
0.0,7.0,0.0,0.0,4.0,1.0,4.0,1.0,1.0,0.0,21.0,0.0,2.0,16.0,1.0,1.0
0.0,4.0,0.0,0.0,1.0,0.0,3.0,5.0,0.0,1.0,69.0,0.0,,7.0,0.0,0.0
0.0,10.0,0.0,0.0,1.0,0.0,2.0,3.0,0.0,1.0,39.0,1.0,,20.0,0.0,0.0
0.0,7.0,1.0,14.0,2.0,1.0,2.0,18.0,0.0,0.0,90.0,0.0,1.0,35.0,0.0,0.0
0.0,12.0,1.0,17.5,2.0,0.0,5.0,1.0,0.0,1.0,64.0,1.0,1.0,60.0,0.0,0.0
0.0,2.0,1.0,17.0,4.0,1.0,2.0,6.0,1.0,0.0,28.0,0.0,,47.0,1.0,1.0
0.0,3.0,1.0,15.75,1.0,1.0,2.0,0.0,0.0,1.0,24.0,1.0,,33.0,0.0,0.0
0.0,2.0,0.0,0.0,1.0,0.0,2.0,7.0,0.0,0.0,44.0,0.0,1.0,12.0,0.0,0.0
1.0,0.0,0.0,0.0,2.0,1.0,4.0,7.0,1.0,1.0,32.0,0.0,1.0,10.0,0.0,0.0
0.0,9.0,1.0,29.0,3.0,0.0,4.0,9.0,0.0,1.0,52.0,1.0,2.0,69.0,0.0,0.0
0.0,1.0,0.0,0.0,2.0,0.0,3.0,0.0,0.0,1.0,15.0,0.0,,23.0,0.0,0.0
0.0,10.0,1.0,37.5,2.0,0.0,3.0,6.0,1.0,0.0,46.0,0.0,2.0,53.0,0.0,0.0
0.0,14.0,1.0,21.25,3.0,0.0,2.0,33.0,0.0,1.0,107.0,1.0,,60.0,0.0,1.0
0.0,7.0,1.0,16.0,1.0,0.0,2.0,11.0,0.0,0.0,56.0,0.0,1.0,33.0,0.0,0.0
0.0,21.0,1.0,15.25,4.0,1.0,4.0,7.0,1.0,1.0,40.0,1.0,,67.0,1.0,1.0
0.0,5.0,1.0,15.0,3.0,0.0,3.0,13.0,0.0,0.0,56.0,1.0,3.0,15.0,0.0,0.0
0.0,5.0,1.0,17.75,2.0,1.0,2.0,7.0,1.0,1.0,46.0,1.0,3.0,64.0,1.0,1.0
1.0,13.0,1.0,21.75,1.0,0.0,2.0,21.0,0.0,0.0,51.0,1.0,,46.0,0.0,0.0
0.0,33.0,1.0,10.25,4.0,0.0,1.0,20.0,0.0,0.0,12.0,1.0,1.0,72.0,1.0,1.0
1.0,6.0,1.0,32.75,4.0,1.0,5.0,6.0,1.0,0.0,34.0,1.0,2.0,61.0,1.0,1.0
0.0,3.0,1.0,5.75,4.0,1.0,2.0,6.0,1.0,1.0,27.0,0.0,2.0,54.0,1.0,1.0
0.0,3.0,1.0,14.0,3.0,0.0,3.0,7.0,0.0,1.0,42.0,0.0,3.0,28.0,0.0,0.0
1.0,8.0,0.0,0.0,4.0,1.0,5.0,2.0,1.0,0.0,119.0,0.0,,28.0,1.0,1.0
0.0,13.0,1.0,15.5,3.0,0.0,1.0,27.0,0.0,1.0,146.0,0.0,3.0,32.0,0.0,1.0
0.0,17.0,1.0,15.0,2.0,0.0,2.0,13.0,0.0,1.0,51.0,0.0,2.0,52.0,0.0,0.0
0.0,33.0,1.0,18.75,3.0,1.0,1.0,22.0,1.0,1.0,86.0,0.0,,48.0,1.0,1.0
0.0,17.0,1.0,19.75,3.0,0.0,3.0,8.0,0.0,1.0,27.0,1.0,1.0,52.0,0.0,0.0
0.0,8.0,0.0,0.0,2.0,0.0,3.0,9.0,0.0,0.0,38.0,0.0,3.0,37.0,0.0,0.0
0.0,26.0,1.0,13.5,3.0,0.0,3.0,29.0,0.0,0.0,928.0,0.0,1.0,41.0,1.0,0.0
0.0,3.0,1.0,16.5,2.0,0.0,2.0,1.0,0.0,1.0,21.0,1.0,,43.0,0.0,0.0
0.0,24.0,1.0,21.5,3.0,0.0,1.0,6.0,0.0,1.0,24.0,0.0,,67.0,1.0,0.0
0.0,30.0,1.0,47.0,1.0,0.0,1.0,25.0,0.0,1.0,91.0,1.0,1.0,61.0,0.0,0.0
0.0,20.0,1.0,51.25,3.0,0.0,2.0,8.0,0.0,1.0,38.0,1.0,,70.0,0.0,0.0
0.0,1.0,1.0,8.75,4.0,1.0,4.0,5.0,1.0,1.0,96.0,1.0,,44.0,1.0,1.0
0.0,12.0,1.0,9.75,2.0,1.0,3.0,17.0,1.0,0.0,96.0,0.0,,46.0,0.0,0.0
0.0,2.0,1.0,13.25,1.0,0.0,3.0,5.0,0.0,0.0,54.0,0.0,3.0,39.0,0.0,0.0
0.0,20.0,0.0,0.0,2.0,0.0,4.0,27.0,0.0,1.0,1668.0,0.0,2.0,39.0,1.0,0.0
0.0,10.0,1.0,11.5,4.0,0.0,4.0,0.0,1.0,1.0,53.0,1.0,2.0,50.0,1.0,1.0
1.0,1.0,0.0,0.0,1.0,1.0,3.0,1.0,0.0,1.0,21.0,0.0,2.0,5.0,0.0,0.0
1.0,1.0,0.0,0.0,2.0,1.0,5.0,3.0,1.0,1.0,52.0,0.0,2.0,10.0,0.0,1.0
0.0,45.0,1.0,28.25,2.0,0.0,3.0,36.0,0.0,1.0,17.0,0.0,3.0,72.0,0.0,0.0
0.0,40.0,1.0,26.0,3.0,0.0,2.0,39.0,0.0,1.0,262.0,0.0,3.0,68.0,0.0,0.0
0.0,5.0,1.0,23.75,2.0,1.0,5.0,1.0,1.0,1.0,34.0,0.0,2.0,58.0,1.0,0.0
0.0,10.0,0.0,0.0,1.0,0.0,1.0,19.0,0.0,1.0,107.0,1.0,,18.0,0.0,0.0
0.0,25.0,1.0,36.0,3.0,0.0,5.0,13.0,1.0,1.0,67.0,1.0,,65.0,0.0,0.0
1.0,1.0,0.0,0.0,2.0,1.0,4.0,0.0,1.0,0.0,37.0,0.0,3.0,8.0,0.0,0.0
1.0,1.0,0.0,0.0,1.0,1.0,2.0,0.0,1.0,1.0,21.0,0.0,3.0,1.0,1.0,0.0
0.0,7.0,0.0,0.0,2.0,0.0,1.0,4.0,0.0,1.0,22.0,0.0,1.0,42.0,0.0,0.0
0.0,3.0,0.0,0.0,1.0,1.0,3.0,3.0,1.0,1.0,71.0,1.0,2.0,4.0,1.0,0.0
0.0,4.0,0.0,0.0,3.0,0.0,3.0,8.0,0.0,1.0,77.0,0.0,,17.0,0.0,0.0
1.0,1.0,1.0,20.0,4.0,1.0,4.0,0.0,1.0,1.0,18.0,1.0,,8.0,1.0,1.0
0.0,17.0,1.0,16.5,2.0,0.0,2.0,12.0,0.0,1.0,50.0,1.0,2.0,49.0,0.0,0.0
0.0,21.0,1.0,8.5,2.0,1.0,4.0,7.0,1.0,0.0,33.0,1.0,,56.0,0.0,0.0
0.0,21.0,1.0,53.0,4.0,1.0,1.0,22.0,0.0,0.0,94.0,1.0,3.0,62.0,0.0,0.0
0.0,25.0,1.0,11.0,1.0,0.0,1.0,40.0,0.0,1.0,209.0,1.0,,42.0,0.0,0.0
0.0,7.0,1.0,10.5,3.0,0.0,4.0,5.0,0.0,0.0,31.0,0.0,,13.0,1.0,1.0
0.0,18.0,1.0,46.5,2.0,0.0,2.0,19.0,0.0,0.0,66.0,1.0,1.0,69.0,0.0,0.0
0.0,14.0,1.0,5.25,1.0,0.0,1.0,15.0,0.0,0.0,51.0,0.0,2.0,45.0,0.0,0.0
0.0,18.0,1.0,21.75,2.0,0.0,2.0,20.0,0.0,0.0,118.0,1.0,,66.0,0.0,0.0
1.0,10.0,0.0,0.0,1.0,1.0,2.0,3.0,1.0,0.0,25.0,0.0,,15.0,0.0,0.0
0.0,1.0,1.0,24.5,2.0,1.0,3.0,21.0,1.0,1.0,59.0,1.0,1.0,41.0,1.0,0.0
1.0,1.0,1.0,13.5,4.0,1.0,2.0,0.0,1.0,1.0,20.0,0.0,,11.0,1.0,1.0
1.0,0.0,1.0,16.5,4.0,1.0,5.0,4.0,1.0,0.0,63.0,1.0,,45.0,1.0,1.0
0.0,23.0,1.0,18.5,1.0,0.0,4.0,17.0,0.0,0.0,36.0,0.0,2.0,52.0,0.0,0.0
0.0,24.0,1.0,20.5,4.0,1.0,4.0,18.0,1.0,1.0,72.0,0.0,,42.0,1.0,1.0
0.0,11.0,1.0,17.0,3.0,0.0,1.0,16.0,0.0,0.0,50.0,0.0,3.0,48.0,1.0,0.0
1.0,5.0,1.0,10.0,4.0,1.0,2.0,5.0,1.0,0.0,39.0,0.0,2.0,4.0,1.0,1.0
0.0,10.0,1.0,53.5,4.0,1.0,2.0,20.0,1.0,1.0,54.0,1.0,,53.0,1.0,1.0
0.0,4.0,1.0,20.5,3.0,0.0,1.0,4.0,0.0,0.0,9.0,0.0,3.0,1.0,0.0,0.0
0.0,10.0,0.0,0.0,4.0,1.0,4.0,1.0,1.0,0.0,33.0,1.0,,19.0,1.0,0.0
0.0,11.0,0.0,0.0,1.0,0.0,1.0,9.0,0.0,0.0,28.0,0.0,1.0,33.0,0.0,0.0
0.0,14.0,0.0,0.0,3.0,0.0,2.0,11.0,0.0,0.0,44.0,1.0,3.0,42.0,0.0,1.0
0.0,12.0,1.0,10.0,2.0,0.0,4.0,4.0,0.0,1.0,34.0,0.0,,60.0,0.0,0.0
0.0,7.0,1.0,8.25,3.0,0.0,4.0,18.0,0.0,1.0,68.0,1.0,1.0,57.0,0.0,0.0
0.0,5.0,1.0,17.5,1.0,0.0,1.0,9.0,0.0,0.0,37.0,0.0,,64.0,0.0,0.0
0.0,1.0,0.0,0.0,4.0,1.0,3.0,0.0,1.0,0.0,18.0,1.0,,28.0,1.0,1.0
1.0,10.0,1.0,30.75,3.0,0.0,2.0,7.0,0.0,0.0,55.0,1.0,,29.0,0.0,0.0
0.0,12.0,1.0,9.25,3.0,0.0,1.0,5.0,0.0,0.0,21.0,1.0,,46.0,0.0,0.0
1.0,9.0,0.0,0.0,1.0,0.0,3.0,11.0,0.0,0.0,29.0,1.0,1.0,22.0,0.0,0.0
0.0,26.0,0.0,0.0,1.0,0.0,2.0,6.0,0.0,0.0,9.0,0.0,3.0,10.0,0.0,0.0
1.0,16.0,1.0,14.5,2.0,1.0,2.0,18.0,1.0,1.0,138.0,0.0,1.0,50.0,0.0,0.0
0.0,34.0,1.0,14.75,4.0,0.0,4.0,12.0,0.0,1.0,28.0,0.0,,55.0,1.0,1.0
0.0,7.0,0.0,0.0,1.0,0.0,1.0,11.0,0.0,0.0,62.0,0.0,,15.0,0.0,0.0
0.0,13.0,1.0,8.75,4.0,0.0,3.0,8.0,0.0,1.0,37.0,1.0,3.0,31.0,1.0,1.0
1.0,5.0,0.0,0.0,2.0,0.0,1.0,16.0,1.0,1.0,83.0,0.0,3.0,5.0,0.0,0.0
0.0,28.0,1.0,18.25,3.0,0.0,1.0,43.0,0.0,1.0,168.0,0.0,2.0,69.0,0.0,0.0
1.0,4.0,1.0,13.25,4.0,1.0,4.0,1.0,1.0,0.0,33.0,1.0,1.0,26.0,1.0,1.0
1.0,2.0,1.0,25.25,1.0,0.0,3.0,9.0,0.0,1.0,66.0,1.0,,10.0,0.0,0.0
1.0,9.0,1.0,32.5,4.0,0.0,4.0,1.0,0.0,0.0,18.0,0.0,3.0,26.0,1.0,0.0
0.0,0.0,1.0,15.5,3.0,0.0,1.0,4.0,0.0,1.0,20.0,0.0,,25.0,0.0,0.0
0.0,4.0,1.0,27.5,2.0,1.0,3.0,1.0,1.0,0.0,19.0,1.0,,30.0,0.0,0.0
0.0,7.0,1.0,20.0,3.0,0.0,2.0,1.0,0.0,0.0,25.0,1.0,1.0,21.0,0.0,1.0
0.0,27.0,1.0,15.0,4.0,1.0,5.0,7.0,1.0,1.0,119.0,0.0,,71.0,1.0,1.0
1.0,5.0,1.0,21.75,3.0,0.0,4.0,25.0,0.0,0.0,323.0,1.0,2.0,11.0,0.0,1.0
0.0,7.0,0.0,0.0,1.0,0.0,1.0,11.0,0.0,1.0,45.0,1.0,3.0,24.0,0.0,0.0
0.0,27.0,1.0,46.75,2.0,1.0,4.0,26.0,1.0,0.0,197.0,1.0,,65.0,0.0,0.0
1.0,13.0,0.0,0.0,1.0,0.0,3.0,10.0,0.0,1.0,56.0,1.0,,16.0,0.0,0.0
0.0,26.0,1.0,13.75,2.0,1.0,4.0,4.0,0.0,0.0,24.0,1.0,,37.0,0.0,0.0
1.0,4.0,0.0,0.0,3.0,0.0,3.0,6.0,1.0,0.0,25.0,0.0,2.0,5.0,0.0,0.0
1.0,9.0,0.0,0.0,2.0,1.0,5.0,0.0,1.0,1.0,26.0,1.0,1.0,3.0,1.0,0.0
1.0,6.0,0.0,0.0,1.0,1.0,4.0,3.0,1.0,0.0,33.0,0.0,,5.0,0.0,0.0
0.0,4.0,1.0,15.0,4.0,1.0,2.0,24.0,0.0,0.0,150.0,1.0,2.0,60.0,1.0,1.0
1.0,4.0,0.0,0.0,2.0,1.0,2.0,15.0,0.0,1.0,99.0,1.0,,19.0,0.0,0.0
0.0,19.0,1.0,5.0,4.0,1.0,4.0,12.0,0.0,1.0,50.0,0.0,3.0,54.0,1.0,1.0
0.0,3.0,1.0,11.0,3.0,0.0,3.0,20.0,0.0,1.0,81.0,0.0,2.0,25.0,0.0,0.0
1.0,6.0,0.0,0.0,2.0,1.0,1.0,1.0,1.0,0.0,21.0,0.0,3.0,1.0,0.0,0.0
0.0,7.0,1.0,6.0,1.0,1.0,3.0,27.0,0.0,1.0,273.0,0.0,,54.0,0.0,0.0
0.0,9.0,0.0,0.0,1.0,0.0,3.0,4.0,0.0,1.0,39.0,1.0,,14.0,0.0,0.0
1.0,7.0,0.0,0.0,1.0,1.0,2.0,3.0,1.0,0.0,17.0,1.0,1.0,14.0,0.0,0.0
1.0,8.0,0.0,0.0,2.0,1.0,3.0,17.0,1.0,1.0,115.0,1.0,1.0,10.0,0.0,0.0
0.0,3.0,1.0,7.0,1.0,0.0,2.0,1.0,0.0,1.0,27.0,0.0,,7.0,0.0,0.0
1.0,24.0,1.0,25.5,3.0,0.0,1.0,6.0,0.0,0.0,35.0,0.0,2.0,33.0,0.0,0.0
0.0,2.0,0.0,0.0,1.0,1.0,2.0,4.0,1.0,0.0,20.0,0.0,3.0,3.0,1.0,0.0
0.0,3.0,1.0,19.75,1.0,0.0,1.0,25.0,0.0,0.0,92.0,1.0,,56.0,0.0,0.0
0.0,8.0,1.0,9.0,3.0,0.0,2.0,35.0,0.0,1.0,207.0,0.0,1.0,54.0,0.0,0.0
0.0,28.0,1.0,35.75,2.0,0.0,1.0,11.0,0.0,0.0,40.0,1.0,2.0,72.0,0.0,0.0
0.0,4.0,0.0,0.0,3.0,0.0,2.0,1.0,1.0,0.0,40.0,0.0,3.0,18.0,0.0,0.0
1.0,9.0,0.0,0.0,1.0,1.0,4.0,1.0,0.0,0.0,55.0,0.0,,25.0,0.0,0.0
0.0,26.0,1.0,27.0,1.0,1.0,1.0,35.0,0.0,1.0,26.0,0.0,,42.0,0.0,0.0
0.0,2.0,1.0,16.5,1.0,0.0,2.0,8.0,1.0,0.0,41.0,0.0,,4.0,0.0,0.0
1.0,16.0,1.0,11.25,1.0,1.0,4.0,25.0,0.0,0.0,203.0,1.0,,12.0,0.0,1.0
0.0,17.0,1.0,15.0,3.0,0.0,2.0,36.0,0.0,1.0,380.0,1.0,2.0,53.0,0.0,0.0
1.0,8.0,1.0,25.75,4.0,1.0,4.0,6.0,0.0,0.0,104.0,1.0,3.0,13.0,1.0,1.0
0.0,12.0,0.0,0.0,2.0,1.0,3.0,4.0,0.0,0.0,24.0,1.0,,18.0,0.0,0.0
0.0,20.0,1.0,9.5,4.0,0.0,3.0,20.0,0.0,1.0,81.0,1.0,3.0,67.0,1.0,1.0
0.0,2.0,1.0,15.25,3.0,0.0,1.0,1.0,0.0,0.0,17.0,0.0,2.0,6.0,0.0,0.0
0.0,13.0,0.0,0.0,3.0,0.0,1.0,12.0,0.0,1.0,45.0,0.0,1.0,25.0,1.0,0.0
1.0,19.0,0.0,0.0,2.0,1.0,2.0,2.0,1.0,0.0,32.0,0.0,3.0,15.0,1.0,0.0
0.0,12.0,0.0,0.0,2.0,0.0,4.0,5.0,1.0,0.0,57.0,0.0,3.0,32.0,0.0,0.0
1.0,0.0,0.0,0.0,2.0,1.0,4.0,9.0,1.0,0.0,63.0,0.0,,22.0,0.0,0.0
0.0,3.0,1.0,18.25,3.0,0.0,4.0,0.0,0.0,0.0,25.0,0.0,,8.0,1.0,1.0
1.0,4.0,0.0,0.0,1.0,1.0,1.0,1.0,1.0,0.0,22.0,1.0,3.0,3.0,0.0,0.0
0.0,6.0,0.0,0.0,1.0,0.0,2.0,20.0,0.0,0.0,155.0,0.0,3.0,32.0,0.0,0.0
0.0,24.0,1.0,14.25,2.0,0.0,2.0,5.0,0.0,0.0,30.0,0.0,,49.0,0.0,0.0
0.0,7.0,0.0,0.0,4.0,1.0,3.0,0.0,0.0,1.0,46.0,0.0,,2.0,0.0,1.0
1.0,1.0,0.0,0.0,2.0,1.0,4.0,10.0,0.0,1.0,68.0,0.0,1.0,39.0,0.0,0.0
0.0,2.0,1.0,25.25,2.0,0.0,2.0,5.0,0.0,0.0,67.0,0.0,1.0,42.0,0.0,0.0
0.0,3.0,1.0,31.75,4.0,1.0,3.0,2.0,1.0,0.0,69.0,0.0,2.0,28.0,1.0,1.0
0.0,14.0,1.0,20.0,4.0,0.0,2.0,11.0,1.0,0.0,47.0,1.0,3.0,41.0,1.0,1.0
0.0,31.0,1.0,19.0,2.0,1.0,2.0,12.0,1.0,0.0,83.0,1.0,3.0,67.0,0.0,0.0
0.0,15.0,1.0,7.0,2.0,0.0,2.0,11.0,1.0,1.0,34.0,0.0,,38.0,0.0,0.0
1.0,8.0,1.0,15.0,4.0,1.0,2.0,2.0,1.0,1.0,45.0,0.0,1.0,18.0,1.0,1.0
0.0,17.0,1.0,29.0,4.0,0.0,2.0,2.0,0.0,1.0,29.0,1.0,,6.0,1.0,1.0
0.0,0.0,0.0,0.0,1.0,0.0,2.0,1.0,0.0,1.0,21.0,0.0,3.0,4.0,0.0,0.0
0.0,3.0,0.0,0.0,4.0,0.0,3.0,0.0,1.0,1.0,30.0,1.0,2.0,13.0,1.0,0.0
1.0,0.0,0.0,0.0,4.0,1.0,4.0,7.0,1.0,0.0,78.0,0.0,2.0,20.0,1.0,1.0
0.0,27.0,0.0,0.0,3.0,0.0,3.0,15.0,0.0,1.0,61.0,1.0,1.0,34.0,0.0,0.0
0.0,4.0,1.0,34.5,4.0,0.0,5.0,3.0,0.0,0.0,90.0,1.0,,46.0,1.0,1.0
0.0,21.0,1.0,11.75,2.0,0.0,2.0,7.0,0.0,0.0,43.0,0.0,3.0,48.0,0.0,0.0
0.0,12.0,1.0,16.25,3.0,0.0,2.0,37.0,1.0,0.0,301.0,1.0,2.0,69.0,1.0,1.0
0.0,7.0,0.0,0.0,1.0,0.0,2.0,15.0,0.0,0.0,32.0,1.0,3.0,32.0,0.0,0.0
0.0,9.0,0.0,0.0,2.0,1.0,2.0,9.0,1.0,0.0,41.0,0.0,1.0,29.0,0.0,0.0
0.0,22.0,1.0,20.25,2.0,1.0,1.0,28.0,0.0,1.0,127.0,0.0,1.0,55.0,1.0,0.0
0.0,36.0,1.0,52.25,3.0,0.0,1.0,43.0,0.0,1.0,271.0,1.0,2.0,72.0,0.0,0.0
1.0,1.0,1.0,15.75,1.0,0.0,3.0,2.0,0.0,1.0,32.0,0.0,2.0,29.0,1.0,0.0
0.0,1.0,1.0,10.25,4.0,1.0,4.0,2.0,1.0,1.0,36.0,1.0,2.0,50.0,1.0,1.0
1.0,11.0,0.0,0.0,1.0,1.0,3.0,21.0,1.0,0.0,293.0,1.0,3.0,35.0,0.0,0.0
1.0,9.0,0.0,0.0,1.0,1.0,3.0,3.0,1.0,0.0,41.0,0.0,1.0,11.0,0.0,0.0
0.0,9.0,0.0,0.0,1.0,1.0,3.0,5.0,0.0,1.0,39.0,0.0,,9.0,0.0,0.0
1.0,27.0,1.0,9.25,3.0,0.0,1.0,18.0,0.0,0.0,58.0,0.0,3.0,51.0,0.0,0.0
0.0,2.0,0.0,0.0,2.0,0.0,1.0,3.0,0.0,1.0,28.0,1.0,1.0,33.0,0.0,0.0
0.0,0.0,1.0,18.75,3.0,0.0,2.0,0.0,0.0,0.0,15.0,0.0,1.0,25.0,0.0,0.0
0.0,9.0,1.0,5.75,3.0,0.0,4.0,7.0,0.0,1.0,105.0,0.0,3.0,31.0,0.0,0.0
0.0,10.0,1.0,18.75,4.0,1.0,4.0,8.0,1.0,1.0,80.0,1.0,1.0,67.0,1.0,1.0
0.0,8.0,1.0,11.75,3.0,0.0,2.0,9.0,0.0,0.0,36.0,0.0,2.0,55.0,1.0,0.0
0.0,7.0,1.0,14.25,4.0,1.0,4.0,3.0,1.0,1.0,112.0,0.0,2.0,19.0,1.0,1.0
0.0,11.0,1.0,35.5,4.0,0.0,4.0,10.0,1.0,1.0,55.0,1.0,,39.0,1.0,1.0
0.0,8.0,1.0,11.0,3.0,0.0,4.0,1.0,1.0,0.0,40.0,1.0,1.0,52.0,1.0,1.0
0.0,15.0,1.0,26.25,3.0,0.0,2.0,0.0,0.0,1.0,23.0,1.0,,55.0,0.0,0.0
1.0,27.0,1.0,18.0,4.0,1.0,4.0,33.0,1.0,1.0,28.0,0.0,2.0,25.0,1.0,1.0
0.0,12.0,1.0,20.75,1.0,0.0,2.0,23.0,0.0,1.0,21.0,0.0,3.0,33.0,0.0,0.0
1.0,5.0,1.0,27.5,3.0,0.0,4.0,12.0,0.0,0.0,63.0,0.0,3.0,48.0,0.0,0.0
0.0,12.0,1.0,31.75,4.0,1.0,4.0,3.0,1.0,0.0,52.0,1.0,1.0,48.0,1.0,1.0
0.0,3.0,1.0,8.75,1.0,0.0,1.0,31.0,0.0,1.0,189.0,0.0,,49.0,0.0,0.0
1.0,0.0,1.0,21.25,3.0,0.0,1.0,15.0,1.0,0.0,50.0,1.0,3.0,54.0,0.0,0.0
0.0,9.0,0.0,0.0,1.0,0.0,1.0,15.0,0.0,0.0,23.0,1.0,2.0,45.0,0.0,0.0
1.0,1.0,0.0,0.0,1.0,1.0,2.0,15.0,1.0,1.0,33.0,1.0,,4.0,0.0,0.0
1.0,3.0,0.0,0.0,2.0,1.0,3.0,6.0,1.0,1.0,29.0,1.0,,49.0,1.0,0.0
1.0,2.0,1.0,22.75,4.0,1.0,3.0,4.0,1.0,0.0,96.0,0.0,2.0,23.0,1.0,1.0
1.0,23.0,0.0,0.0,2.0,1.0,5.0,15.0,1.0,0.0,80.0,0.0,2.0,31.0,0.0,0.0
0.0,2.0,1.0,29.5,3.0,0.0,2.0,15.0,0.0,0.0,68.0,1.0,,55.0,0.0,0.0
0.0,7.0,0.0,0.0,1.0,0.0,1.0,4.0,0.0,1.0,30.0,0.0,3.0,9.0,0.0,0.0
0.0,25.0,1.0,29.5,1.0,0.0,2.0,12.0,0.0,0.0,34.0,1.0,2.0,55.0,0.0,0.0
0.0,3.0,1.0,8.0,3.0,1.0,2.0,2.0,0.0,1.0,35.0,0.0,3.0,34.0,1.0,0.0
0.0,4.0,1.0,22.0,3.0,0.0,2.0,1.0,0.0,0.0,36.0,0.0,,10.0,0.0,0.0
0.0,20.0,1.0,17.75,2.0,1.0,3.0,18.0,0.0,1.0,35.0,0.0,,62.0,0.0,0.0
0.0,13.0,1.0,19.75,4.0,0.0,3.0,9.0,0.0,0.0,62.0,0.0,2.0,51.0,1.0,1.0
0.0,28.0,1.0,22.5,2.0,0.0,1.0,25.0,0.0,0.0,94.0,0.0,,65.0,0.0,0.0
0.0,1.0,1.0,41.0,4.0,0.0,1.0,6.0,0.0,0.0,60.0,0.0,1.0,53.0,1.0,1.0
1.0,4.0,0.0,0.0,1.0,1.0,2.0,11.0,1.0,0.0,118.0,0.0,,23.0,1.0,0.0
1.0,3.0,1.0,2.75,1.0,1.0,4.0,3.0,1.0,0.0,135.0,0.0,,1.0,0.0,0.0
0.0,20.0,1.0,14.75,3.0,0.0,2.0,24.0,0.0,1.0,80.0,0.0,2.0,66.0,0.0,0.0
0.0,0.0,0.0,0.0,2.0,1.0,3.0,3.0,1.0,1.0,21.0,1.0,,8.0,0.0,0.0
0.0,3.0,1.0,9.5,1.0,0.0,1.0,2.0,0.0,1.0,22.0,1.0,,18.0,0.0,0.0
0.0,3.0,1.0,12.75,2.0,0.0,4.0,7.0,1.0,0.0,63.0,1.0,3.0,36.0,0.0,0.0
1.0,16.0,0.0,0.0,1.0,0.0,2.0,18.0,0.0,1.0,142.0,0.0,2.0,13.0,0.0,0.0
1.0,15.0,1.0,8.75,3.0,0.0,3.0,0.0,1.0,1.0,32.0,0.0,3.0,4.0,1.0,0.0
0.0,10.0,0.0,0.0,2.0,1.0,3.0,5.0,1.0,0.0,19.0,0.0,1.0,20.0,0.0,0.0
0.0,12.0,1.0,17.25,4.0,1.0,4.0,10.0,1.0,0.0,60.0,1.0,1.0,66.0,1.0,1.0
0.0,7.0,1.0,18.5,3.0,0.0,1.0,23.0,0.0,0.0,97.0,1.0,3.0,67.0,0.0,0.0
1.0,0.0,1.0,13.75,4.0,1.0,2.0,3.0,1.0,1.0,31.0,1.0,,11.0,1.0,1.0
1.0,7.0,0.0,0.0,1.0,0.0,3.0,1.0,1.0,1.0,30.0,0.0,,6.0,0.0,0.0
0.0,4.0,0.0,0.0,1.0,1.0,1.0,5.0,1.0,1.0,31.0,1.0,1.0,13.0,1.0,1.0
1.0,3.0,1.0,12.25,4.0,1.0,2.0,9.0,1.0,1.0,44.0,1.0,1.0,2.0,1.0,1.0
0.0,12.0,1.0,12.0,1.0,0.0,2.0,5.0,0.0,0.0,38.0,0.0,,4.0,0.0,0.0
0.0,10.0,1.0,15.25,4.0,1.0,2.0,0.0,1.0,1.0,23.0,1.0,1.0,34.0,1.0,1.0
0.0,6.0,0.0,0.0,3.0,0.0,3.0,6.0,0.0,0.0,37.0,1.0,3.0,13.0,0.0,0.0
0.0,14.0,1.0,12.0,2.0,1.0,2.0,0.0,0.0,0.0,26.0,1.0,2.0,37.0,0.0,0.0
0.0,8.0,1.0,23.75,3.0,0.0,2.0,5.0,0.0,0.0,38.0,1.0,,45.0,0.0,0.0
0.0,30.0,1.0,26.25,3.0,0.0,3.0,34.0,0.0,1.0,153.0,0.0,1.0,71.0,0.0,1.0
0.0,5.0,0.0,0.0,1.0,0.0,1.0,20.0,0.0,1.0,49.0,0.0,1.0,35.0,0.0,0.0
0.0,21.0,1.0,10.75,1.0,1.0,3.0,7.0,1.0,0.0,51.0,0.0,,44.0,0.0,0.0
0.0,19.0,1.0,8.25,3.0,0.0,1.0,21.0,0.0,0.0,88.0,1.0,3.0,44.0,0.0,0.0
0.0,20.0,0.0,0.0,1.0,0.0,1.0,0.0,0.0,1.0,19.0,1.0,1.0,26.0,0.0,0.0
0.0,9.0,1.0,23.0,1.0,0.0,1.0,12.0,0.0,1.0,31.0,1.0,,42.0,0.0,0.0
1.0,6.0,1.0,31.25,1.0,0.0,2.0,19.0,1.0,0.0,90.0,1.0,,41.0,0.0,0.0
0.0,3.0,0.0,0.0,1.0,0.0,1.0,0.0,0.0,0.0,14.0,1.0,,31.0,0.0,0.0
1.0,43.0,1.0,14.25,3.0,0.0,2.0,30.0,0.0,0.0,341.0,0.0,,62.0,1.0,0.0
0.0,2.0,1.0,15.75,4.0,0.0,4.0,0.0,0.0,1.0,24.0,1.0,1.0,12.0,1.0,1.0
0.0,27.0,1.0,21.0,3.0,0.0,2.0,7.0,0.0,1.0,81.0,1.0,,45.0,0.0,0.0
0.0,4.0,1.0,30.5,1.0,0.0,2.0,13.0,0.0,1.0,63.0,1.0,2.0,47.0,0.0,0.0
0.0,1.0,1.0,15.75,3.0,0.0,1.0,4.0,0.0,0.0,27.0,1.0,2.0,23.0,0.0,0.0
0.0,4.0,1.0,10.0,4.0,1.0,5.0,3.0,1.0,1.0,20.0,0.0,,39.0,1.0,1.0
0.0,2.0,1.0,6.5,3.0,0.0,3.0,0.0,0.0,0.0,48.0,0.0,,19.0,1.0,0.0
0.0,12.0,0.0,0.0,3.0,0.0,4.0,23.0,0.0,0.0,121.0,0.0,2.0,13.0,0.0,0.0
1.0,6.0,0.0,0.0,4.0,1.0,3.0,4.0,1.0,0.0,39.0,0.0,,5.0,0.0,0.0
1.0,0.0,0.0,0.0,1.0,1.0,2.0,0.0,0.0,0.0,21.0,0.0,,11.0,0.0,0.0
1.0,2.0,0.0,0.0,1.0,1.0,4.0,5.0,1.0,0.0,53.0,0.0,2.0,4.0,0.0,0.0
1.0,8.0,0.0,0.0,2.0,0.0,1.0,23.0,1.0,0.0,58.0,0.0,,17.0,1.0,0.0
1.0,3.0,0.0,0.0,1.0,0.0,3.0,2.0,0.0,0.0,39.0,0.0,,7.0,0.0,0.0
0.0,3.0,1.0,11.25,3.0,0.0,1.0,33.0,0.0,0.0,108.0,0.0,,19.0,0.0,0.0
0.0,0.0,1.0,19.25,2.0,1.0,1.0,10.0,0.0,0.0,38.0,1.0,3.0,32.0,0.0,0.0
0.0,31.0,1.0,11.0,2.0,0.0,4.0,0.0,0.0,0.0,245.0,0.0,2.0,53.0,0.0,0.0
0.0,19.0,1.0,23.25,3.0,0.0,1.0,18.0,0.0,1.0,51.0,0.0,2.0,51.0,1.0,0.0
0.0,7.0,1.0,4.5,1.0,0.0,4.0,10.0,0.0,1.0,78.0,0.0,2.0,35.0,0.0,0.0
1.0,4.0,1.0,37.75,4.0,1.0,4.0,4.0,1.0,0.0,23.0,1.0,2.0,3.0,1.0,1.0
1.0,7.0,0.0,0.0,1.0,0.0,4.0,12.0,1.0,0.0,88.0,0.0,1.0,22.0,0.0,0.0
0.0,0.0,0.0,0.0,3.0,1.0,2.0,1.0,0.0,1.0,25.0,1.0,1.0,17.0,0.0,0.0
0.0,20.0,1.0,20.0,2.0,0.0,2.0,16.0,0.0,1.0,73.0,0.0,3.0,68.0,0.0,0.0
0.0,7.0,1.0,6.75,3.0,0.0,4.0,15.0,0.0,1.0,62.0,1.0,2.0,27.0,0.0,0.0
0.0,8.0,1.0,26.75,3.0,0.0,3.0,30.0,0.0,1.0,456.0,1.0,1.0,68.0,0.0,1.0
0.0,10.0,0.0,0.0,3.0,0.0,2.0,5.0,0.0,0.0,24.0,1.0,1.0,56.0,0.0,0.0
0.0,8.0,1.0,7.25,1.0,1.0,2.0,0.0,1.0,1.0,23.0,0.0,,11.0,0.0,0.0
1.0,7.0,1.0,7.25,1.0,0.0,1.0,6.0,0.0,1.0,46.0,0.0,,5.0,0.0,0.0
0.0,5.0,0.0,0.0,3.0,1.0,2.0,29.0,1.0,1.0,263.0,0.0,,16.0,0.0,1.0
0.0,2.0,1.0,11.75,2.0,0.0,4.0,2.0,1.0,1.0,34.0,0.0,,59.0,1.0,0.0
0.0,14.0,1.0,12.25,4.0,1.0,2.0,13.0,0.0,0.0,33.0,0.0,1.0,60.0,1.0,1.0
0.0,11.0,1.0,10.75,3.0,0.0,1.0,11.0,0.0,0.0,37.0,0.0,1.0,55.0,0.0,0.0
0.0,22.0,1.0,8.25,1.0,0.0,2.0,25.0,0.0,0.0,296.0,0.0,2.0,18.0,0.0,0.0
1.0,0.0,0.0,0.0,2.0,1.0,3.0,0.0,1.0,1.0,26.0,0.0,,16.0,0.0,0.0
0.0,32.0,1.0,18.75,2.0,0.0,4.0,12.0,1.0,0.0,47.0,1.0,,35.0,0.0,0.0
1.0,1.0,1.0,16.5,4.0,1.0,3.0,1.0,1.0,1.0,31.0,1.0,2.0,31.0,1.0,1.0
0.0,5.0,0.0,0.0,1.0,0.0,2.0,29.0,0.0,1.0,264.0,1.0,2.0,20.0,0.0,0.0
1.0,5.0,1.0,17.25,4.0,1.0,4.0,2.0,1.0,1.0,41.0,0.0,1.0,16.0,1.0,1.0
0.0,27.0,1.0,62.0,3.0,0.0,2.0,4.0,1.0,0.0,55.0,1.0,,69.0,0.0,0.0
0.0,31.0,1.0,25.5,1.0,0.0,2.0,15.0,0.0,0.0,49.0,1.0,,69.0,0.0,0.0
1.0,3.0,0.0,0.0,1.0,0.0,1.0,7.0,0.0,1.0,26.0,1.0,2.0,27.0,0.0,0.0
0.0,20.0,1.0,8.75,3.0,0.0,4.0,9.0,0.0,0.0,110.0,0.0,,48.0,0.0,1.0
0.0,20.0,1.0,10.5,1.0,0.0,1.0,19.0,0.0,1.0,66.0,1.0,,18.0,0.0,0.0
0.0,4.0,1.0,27.5,3.0,0.0,3.0,5.0,0.0,1.0,39.0,1.0,,24.0,0.0,1.0
1.0,6.0,0.0,0.0,4.0,1.0,2.0,2.0,0.0,0.0,31.0,0.0,3.0,17.0,1.0,1.0
0.0,3.0,0.0,0.0,1.0,0.0,4.0,1.0,1.0,1.0,26.0,1.0,,9.0,0.0,0.0
1.0,5.0,1.0,22.75,4.0,1.0,4.0,15.0,1.0,1.0,232.0,0.0,2.0,15.0,1.0,1.0
0.0,10.0,1.0,18.75,2.0,0.0,4.0,1.0,1.0,1.0,43.0,1.0,,62.0,0.0,0.0
1.0,12.0,0.0,0.0,1.0,1.0,4.0,3.0,1.0,0.0,39.0,0.0,,9.0,1.0,1.0
0.0,10.0,1.0,41.75,3.0,0.0,2.0,23.0,0.0,1.0,73.0,1.0,2.0,71.0,0.0,0.0
0.0,37.0,1.0,11.0,3.0,0.0,1.0,20.0,0.0,0.0,74.0,1.0,1.0,62.0,0.0,0.0
0.0,19.0,1.0,9.75,4.0,0.0,4.0,13.0,1.0,0.0,237.0,0.0,1.0,20.0,0.0,1.0
0.0,11.0,1.0,36.25,3.0,0.0,1.0,3.0,0.0,0.0,22.0,1.0,2.0,19.0,0.0,0.0
0.0,28.0,1.0,8.75,3.0,0.0,1.0,8.0,0.0,0.0,21.0,1.0,,49.0,0.0,0.0
1.0,3.0,0.0,0.0,1.0,0.0,2.0,6.0,0.0,0.0,9.0,0.0,,3.0,0.0,0.0
1.0,2.0,0.0,0.0,1.0,1.0,5.0,10.0,1.0,0.0,41.0,0.0,2.0,33.0,1.0,1.0
1.0,1.0,1.0,10.0,2.0,1.0,4.0,7.0,1.0,1.0,50.0,0.0,3.0,38.0,0.0,0.0
0.0,14.0,1.0,22.75,4.0,1.0,3.0,5.0,1.0,1.0,27.0,1.0,,42.0,1.0,1.0
1.0,2.0,1.0,11.75,4.0,1.0,3.0,3.0,1.0,0.0,53.0,0.0,3.0,11.0,1.0,1.0
0.0,0.0,0.0,0.0,3.0,0.0,3.0,0.0,0.0,0.0,58.0,1.0,3.0,27.0,0.0,0.0
0.0,1.0,0.0,0.0,1.0,0.0,4.0,8.0,0.0,1.0,151.0,0.0,,23.0,0.0,0.0
0.0,13.0,1.0,48.5,3.0,0.0,2.0,4.0,0.0,0.0,54.0,1.0,,4.0,1.0,1.0
1.0,5.0,0.0,0.0,1.0,0.0,1.0,4.0,0.0,1.0,31.0,0.0,2.0,36.0,0.0,0.0
0.0,10.0,1.0,18.5,3.0,0.0,1.0,22.0,0.0,1.0,115.0,0.0,,37.0,0.0,0.0
0.0,30.0,0.0,0.0,1.0,0.0,1.0,5.0,0.0,0.0,24.0,1.0,,24.0,0.0,0.0
1.0,1.0,0.0,0.0,1.0,0.0,2.0,2.0,0.0,0.0,17.0,0.0,3.0,4.0,0.0,0.0
0.0,5.0,1.0,20.25,3.0,0.0,2.0,13.0,0.0,1.0,47.0,0.0,3.0,54.0,0.0,0.0
1.0,8.0,1.0,53.25,3.0,0.0,1.0,0.0,0.0,1.0,36.0,0.0,,7.0,0.0,0.0
1.0,9.0,1.0,40.0,4.0,1.0,4.0,1.0,1.0,0.0,75.0,0.0,,10.0,1.0,1.0
0.0,10.0,0.0,0.0,2.0,1.0,5.0,6.0,1.0,1.0,41.0,1.0,,24.0,0.0,0.0
1.0,8.0,0.0,0.0,1.0,1.0,4.0,4.0,1.0,0.0,18.0,0.0,,12.0,0.0,0.0
0.0,25.0,1.0,8.75,3.0,0.0,3.0,33.0,0.0,1.0,171.0,0.0,1.0,45.0,0.0,0.0
0.0,29.0,1.0,15.25,2.0,0.0,3.0,21.0,0.0,1.0,42.0,1.0,,59.0,0.0,0.0
0.0,1.0,0.0,0.0,1.0,0.0,3.0,0.0,0.0,1.0,36.0,1.0,3.0,3.0,0.0,0.0
1.0,6.0,0.0,0.0,4.0,1.0,5.0,7.0,1.0,0.0,31.0,0.0,3.0,8.0,1.0,1.0
0.0,5.0,1.0,11.75,4.0,1.0,2.0,37.0,0.0,1.0,207.0,0.0,3.0,16.0,0.0,0.0
0.0,1.0,1.0,33.75,1.0,0.0,1.0,12.0,0.0,1.0,38.0,0.0,3.0,32.0,0.0,0.0
1.0,14.0,1.0,23.5,4.0,1.0,4.0,9.0,1.0,1.0,134.0,0.0,1.0,8.0,1.0,1.0
1.0,8.0,0.0,0.0,2.0,1.0,3.0,4.0,1.0,0.0,28.0,1.0,3.0,9.0,0.0,0.0
0.0,0.0,0.0,0.0,2.0,0.0,2.0,0.0,1.0,1.0,15.0,1.0,3.0,12.0,0.0,0.0
0.0,15.0,1.0,57.75,4.0,1.0,4.0,4.0,1.0,0.0,48.0,1.0,1.0,24.0,1.0,1.0
0.0,48.0,1.0,109.25,2.0,0.0,2.0,6.0,0.0,1.0,14.0,0.0,2.0,72.0,0.0,0.0
0.0,42.0,1.0,17.0,2.0,0.0,4.0,18.0,0.0,1.0,101.0,0.0,1.0,58.0,0.0,0.0
0.0,24.0,1.0,25.0,3.0,0.0,2.0,18.0,0.0,0.0,87.0,1.0,3.0,70.0,1.0,0.0
1.0,3.0,0.0,0.0,1.0,0.0,1.0,4.0,0.0,1.0,27.0,0.0,3.0,9.0,0.0,0.0
0.0,1.0,1.0,5.5,2.0,1.0,5.0,0.0,1.0,1.0,27.0,0.0,2.0,49.0,1.0,1.0
0.0,7.0,1.0,21.75,3.0,0.0,3.0,22.0,0.0,0.0,59.0,0.0,,52.0,0.0,1.0
1.0,10.0,1.0,23.5,4.0,1.0,4.0,9.0,1.0,1.0,294.0,1.0,,10.0,1.0,1.0
0.0,2.0,1.0,14.25,3.0,0.0,3.0,5.0,0.0,0.0,44.0,1.0,,14.0,1.0,1.0
0.0,3.0,1.0,23.0,4.0,0.0,2.0,4.0,0.0,0.0,35.0,1.0,1.0,19.0,1.0,0.0
1.0,4.0,0.0,0.0,2.0,1.0,4.0,10.0,1.0,1.0,205.0,1.0,,12.0,1.0,1.0
0.0,27.0,1.0,13.25,2.0,1.0,3.0,31.0,0.0,1.0,732.0,0.0,,65.0,1.0,0.0
0.0,14.0,1.0,19.75,3.0,0.0,3.0,11.0,0.0,0.0,59.0,1.0,,67.0,0.0,0.0
0.0,3.0,1.0,17.5,3.0,0.0,1.0,7.0,0.0,0.0,23.0,1.0,,29.0,0.0,0.0
0.0,8.0,1.0,15.25,1.0,1.0,2.0,19.0,1.0,1.0,87.0,0.0,,55.0,0.0,0.0
0.0,25.0,1.0,18.25,3.0,0.0,1.0,23.0,0.0,1.0,110.0,1.0,1.0,71.0,0.0,0.0
1.0,2.0,1.0,20.25,3.0,0.0,3.0,14.0,0.0,1.0,83.0,1.0,3.0,5.0,1.0,1.0
0.0,0.0,1.0,13.25,2.0,1.0,4.0,21.0,1.0,1.0,63.0,0.0,,60.0,0.0,0.0
1.0,6.0,0.0,0.0,1.0,0.0,3.0,6.0,0.0,1.0,22.0,0.0,,10.0,0.0,0.0
0.0,44.0,1.0,24.0,4.0,0.0,3.0,7.0,1.0,0.0,43.0,0.0,,52.0,1.0,1.0
0.0,22.0,1.0,17.25,2.0,1.0,2.0,11.0,0.0,0.0,35.0,1.0,3.0,61.0,0.0,0.0
0.0,5.0,1.0,37.0,2.0,0.0,2.0,11.0,0.0,0.0,48.0,1.0,2.0,61.0,0.0,0.0
0.0,19.0,1.0,10.25,3.0,0.0,3.0,12.0,0.0,0.0,69.0,1.0,2.0,67.0,0.0,0.0
0.0,12.0,0.0,0.0,2.0,0.0,4.0,5.0,0.0,0.0,26.0,1.0,2.0,41.0,0.0,0.0
1.0,1.0,0.0,0.0,1.0,0.0,1.0,8.0,0.0,1.0,20.0,0.0,1.0,30.0,0.0,0.0
0.0,12.0,1.0,33.0,4.0,1.0,2.0,6.0,0.0,0.0,43.0,0.0,3.0,24.0,1.0,1.0
0.0,37.0,1.0,26.0,2.0,0.0,1.0,44.0,0.0,1.0,33.0,0.0,,72.0,0.0,0.0
1.0,7.0,1.0,11.25,4.0,1.0,2.0,11.0,1.0,0.0,66.0,0.0,1.0,17.0,1.0,1.0
0.0,46.0,1.0,18.0,3.0,0.0,2.0,0.0,0.0,0.0,12.0,0.0,2.0,65.0,0.0,0.0
0.0,8.0,1.0,9.75,4.0,1.0,2.0,11.0,0.0,0.0,90.0,1.0,2.0,15.0,0.0,1.0
1.0,8.0,0.0,0.0,2.0,0.0,3.0,2.0,0.0,1.0,35.0,0.0,2.0,34.0,0.0,0.0
1.0,23.0,0.0,0.0,2.0,0.0,5.0,4.0,1.0,1.0,51.0,0.0,,26.0,0.0,0.0
0.0,22.0,0.0,0.0,2.0,1.0,3.0,15.0,0.0,1.0,117.0,0.0,3.0,36.0,0.0,0.0
0.0,29.0,1.0,13.5,3.0,0.0,2.0,26.0,0.0,1.0,100.0,0.0,,60.0,0.0,0.0
0.0,20.0,1.0,6.5,3.0,0.0,1.0,29.0,0.0,0.0,147.0,0.0,3.0,16.0,0.0,0.0
1.0,5.0,0.0,0.0,1.0,0.0,4.0,6.0,0.0,1.0,53.0,0.0,,1.0,0.0,0.0
0.0,9.0,1.0,6.5,2.0,1.0,5.0,2.0,1.0,0.0,57.0,1.0,,56.0,1.0,0.0
0.0,5.0,0.0,0.0,2.0,1.0,2.0,0.0,1.0,0.0,37.0,0.0,,6.0,0.0,0.0
0.0,7.0,1.0,8.0,2.0,0.0,3.0,2.0,0.0,1.0,42.0,0.0,,48.0,0.0,0.0
0.0,17.0,1.0,13.75,3.0,0.0,1.0,4.0,0.0,0.0,50.0,1.0,,34.0,0.0,0.0
1.0,0.0,1.0,19.25,4.0,1.0,4.0,2.0,1.0,0.0,55.0,1.0,3.0,54.0,1.0,1.0
0.0,2.0,1.0,9.25,4.0,0.0,2.0,7.0,0.0,1.0,42.0,1.0,2.0,38.0,1.0,0.0
1.0,15.0,0.0,0.0,1.0,0.0,1.0,7.0,0.0,1.0,37.0,0.0,2.0,25.0,0.0,0.0
1.0,17.0,1.0,21.0,4.0,1.0,3.0,39.0,1.0,1.0,228.0,1.0,2.0,47.0,1.0,1.0
0.0,35.0,1.0,39.75,4.0,0.0,5.0,31.0,1.0,0.0,163.0,1.0,,72.0,1.0,1.0
0.0,6.0,1.0,18.5,4.0,0.0,4.0,3.0,1.0,1.0,28.0,1.0,1.0,6.0,0.0,1.0
0.0,9.0,0.0,0.0,1.0,0.0,5.0,21.0,0.0,1.0,118.0,1.0,,30.0,0.0,0.0
0.0,9.0,1.0,43.0,4.0,1.0,2.0,39.0,0.0,1.0,115.0,1.0,,65.0,1.0,1.0
0.0,19.0,1.0,18.5,3.0,0.0,4.0,1.0,0.0,0.0,37.0,1.0,,22.0,1.0,0.0
0.0,32.0,1.0,21.0,3.0,0.0,1.0,28.0,0.0,0.0,93.0,0.0,,60.0,0.0,0.0
1.0,12.0,1.0,17.0,4.0,1.0,4.0,5.0,1.0,1.0,71.0,0.0,3.0,19.0,1.0,1.0
0.0,4.0,1.0,31.0,1.0,0.0,2.0,7.0,0.0,1.0,26.0,0.0,,18.0,0.0,0.0
1.0,10.0,0.0,0.0,1.0,0.0,4.0,5.0,1.0,1.0,14.0,1.0,3.0,9.0,0.0,0.0
1.0,6.0,0.0,0.0,1.0,0.0,1.0,0.0,0.0,1.0,18.0,1.0,1.0,1.0,0.0,0.0
0.0,2.0,0.0,0.0,4.0,1.0,4.0,0.0,1.0,1.0,36.0,1.0,3.0,10.0,1.0,1.0
1.0,14.0,0.0,0.0,2.0,1.0,4.0,0.0,1.0,0.0,43.0,1.0,3.0,45.0,0.0,0.0
1.0,6.0,1.0,31.5,3.0,1.0,4.0,4.0,1.0,1.0,41.0,1.0,,25.0,1.0,1.0
0.0,1.0,1.0,11.5,2.0,0.0,2.0,15.0,0.0,1.0,66.0,0.0,1.0,66.0,0.0,0.0
1.0,1.0,1.0,12.0,3.0,0.0,4.0,19.0,1.0,1.0,33.0,0.0,3.0,27.0,1.0,0.0
0.0,5.0,0.0,0.0,1.0,0.0,4.0,6.0,0.0,0.0,53.0,0.0,3.0,19.0,0.0,0.0
0.0,9.0,1.0,10.0,1.0,0.0,4.0,3.0,0.0,0.0,28.0,1.0,1.0,17.0,0.0,0.0
0.0,13.0,0.0,0.0,1.0,1.0,4.0,4.0,1.0,0.0,58.0,0.0,1.0,16.0,0.0,0.0
0.0,2.0,0.0,0.0,1.0,1.0,4.0,17.0,0.0,1.0,129.0,1.0,3.0,8.0,0.0,0.0
1.0,0.0,1.0,11.25,4.0,1.0,4.0,0.0,1.0,1.0,65.0,0.0,1.0,3.0,1.0,0.0
0.0,26.0,1.0,7.5,1.0,0.0,3.0,36.0,0.0,1.0,311.0,0.0,,59.0,0.0,0.0
0.0,2.0,0.0,0.0,2.0,1.0,3.0,14.0,1.0,1.0,57.0,0.0,,45.0,0.0,0.0
0.0,31.0,1.0,20.0,2.0,0.0,2.0,4.0,0.0,1.0,47.0,0.0,1.0,66.0,0.0,0.0
0.0,7.0,1.0,13.0,1.0,0.0,1.0,3.0,0.0,0.0,25.0,1.0,1.0,28.0,0.0,0.0
1.0,11.0,0.0,0.0,1.0,0.0,5.0,11.0,0.0,0.0,46.0,1.0,,15.0,0.0,0.0
0.0,10.0,1.0,35.0,4.0,0.0,3.0,13.0,0.0,1.0,51.0,1.0,2.0,39.0,1.0,1.0
0.0,4.0,0.0,0.0,3.0,0.0,2.0,5.0,0.0,1.0,19.0,0.0,1.0,38.0,0.0,0.0
0.0,5.0,0.0,0.0,2.0,1.0,3.0,4.0,1.0,1.0,26.0,0.0,1.0,34.0,0.0,0.0
0.0,18.0,1.0,20.5,4.0,1.0,5.0,30.0,1.0,0.0,72.0,1.0,,60.0,1.0,1.0
0.0,33.0,1.0,66.25,3.0,0.0,1.0,41.0,0.0,1.0,71.0,1.0,,72.0,0.0,0.0
0.0,9.0,0.0,0.0,3.0,0.0,2.0,13.0,0.0,0.0,41.0,1.0,3.0,42.0,1.0,0.0
0.0,9.0,0.0,0.0,1.0,1.0,2.0,7.0,0.0,0.0,44.0,0.0,2.0,32.0,0.0,0.0
1.0,4.0,1.0,12.0,4.0,1.0,4.0,19.0,1.0,1.0,208.0,1.0,3.0,48.0,1.0,1.0
0.0,1.0,1.0,13.5,2.0,1.0,4.0,9.0,1.0,1.0,45.0,1.0,,63.0,1.0,0.0
0.0,3.0,0.0,0.0,2.0,0.0,3.0,2.0,0.0,0.0,39.0,1.0,,45.0,0.0,0.0
0.0,16.0,1.0,16.0,2.0,1.0,4.0,12.0,1.0,0.0,89.0,0.0,3.0,68.0,0.0,0.0
0.0,4.0,0.0,0.0,1.0,0.0,2.0,5.0,0.0,1.0,19.0,1.0,,6.0,0.0,0.0
1.0,33.0,1.0,18.75,4.0,1.0,2.0,0.0,0.0,1.0,15.0,1.0,,68.0,1.0,1.0
0.0,26.0,1.0,20.25,4.0,0.0,2.0,36.0,1.0,1.0,59.0,1.0,,72.0,1.0,1.0
0.0,15.0,1.0,10.75,2.0,1.0,3.0,6.0,0.0,1.0,20.0,1.0,,53.0,0.0,1.0
0.0,11.0,1.0,11.5,3.0,1.0,4.0,6.0,0.0,0.0,27.0,1.0,2.0,20.0,0.0,0.0
0.0,4.0,1.0,30.0,2.0,0.0,2.0,9.0,0.0,0.0,48.0,1.0,,70.0,0.0,0.0
0.0,25.0,0.0,0.0,1.0,0.0,2.0,6.0,0.0,1.0,135.0,0.0,,32.0,0.0,0.0
1.0,23.0,1.0,9.25,3.0,0.0,1.0,0.0,1.0,0.0,19.0,1.0,,61.0,0.0,0.0
0.0,3.0,1.0,25.25,2.0,1.0,4.0,0.0,1.0,0.0,28.0,1.0,,24.0,0.0,1.0
0.0,14.0,1.0,11.25,1.0,0.0,1.0,16.0,0.0,1.0,12.0,1.0,2.0,56.0,0.0,0.0
0.0,28.0,1.0,5.25,2.0,0.0,2.0,15.0,1.0,0.0,28.0,0.0,2.0,54.0,0.0,1.0
0.0,7.0,0.0,0.0,4.0,0.0,3.0,8.0,1.0,1.0,18.0,1.0,1.0,43.0,1.0,1.0
1.0,7.0,1.0,21.25,4.0,0.0,3.0,5.0,1.0,1.0,58.0,0.0,3.0,19.0,1.0,1.0
0.0,16.0,1.0,6.5,3.0,0.0,3.0,17.0,0.0,1.0,72.0,0.0,1.0,5.0,0.0,0.0
1.0,6.0,1.0,11.0,1.0,1.0,4.0,3.0,0.0,1.0,112.0,1.0,3.0,24.0,0.0,0.0
0.0,2.0,1.0,19.0,2.0,0.0,2.0,8.0,0.0,1.0,28.0,1.0,,62.0,0.0,0.0
1.0,13.0,1.0,23.75,4.0,1.0,5.0,11.0,1.0,1.0,398.0,0.0,2.0,14.0,1.0,1.0
0.0,22.0,1.0,17.0,4.0,0.0,3.0,21.0,0.0,1.0,106.0,1.0,3.0,60.0,1.0,1.0
0.0,12.0,1.0,17.25,3.0,0.0,1.0,3.0,0.0,1.0,10.0,1.0,1.0,30.0,0.0,0.0
1.0,16.0,0.0,0.0,2.0,1.0,3.0,17.0,1.0,0.0,108.0,1.0,,40.0,0.0,0.0
0.0,17.0,1.0,11.5,1.0,0.0,2.0,15.0,0.0,1.0,85.0,1.0,,42.0,0.0,0.0
1.0,14.0,0.0,0.0,2.0,0.0,3.0,9.0,0.0,1.0,51.0,0.0,1.0,20.0,0.0,0.0
0.0,1.0,1.0,23.5,3.0,0.0,2.0,2.0,0.0,1.0,22.0,1.0,1.0,4.0,0.0,0.0
0.0,2.0,1.0,38.75,4.0,0.0,2.0,8.0,0.0,1.0,66.0,1.0,,44.0,1.0,1.0
0.0,18.0,1.0,12.75,3.0,0.0,2.0,2.0,0.0,0.0,10.0,0.0,3.0,49.0,0.0,0.0
1.0,2.0,0.0,0.0,3.0,0.0,1.0,4.0,0.0,1.0,34.0,1.0,,5.0,0.0,0.0
0.0,29.0,1.0,15.75,2.0,0.0,1.0,22.0,0.0,0.0,67.0,1.0,2.0,70.0,0.0,0.0
1.0,16.0,1.0,8.5,1.0,0.0,1.0,1.0,0.0,0.0,19.0,1.0,,30.0,0.0,0.0
1.0,20.0,1.0,26.5,4.0,1.0,4.0,4.0,1.0,1.0,128.0,0.0,2.0,28.0,1.0,1.0
0.0,3.0,1.0,16.5,4.0,0.0,5.0,1.0,1.0,0.0,39.0,1.0,,5.0,1.0,1.0
0.0,12.0,1.0,11.0,4.0,1.0,1.0,3.0,1.0,1.0,56.0,0.0,,27.0,1.0,1.0
1.0,12.0,0.0,0.0,1.0,1.0,4.0,10.0,1.0,1.0,45.0,0.0,,17.0,0.0,0.0
0.0,8.0,0.0,0.0,1.0,0.0,1.0,1.0,0.0,1.0,25.0,1.0,,4.0,0.0,0.0
0.0,0.0,0.0,0.0,3.0,0.0,2.0,1.0,0.0,1.0,24.0,1.0,2.0,30.0,0.0,0.0
0.0,19.0,1.0,27.75,4.0,0.0,4.0,14.0,0.0,1.0,53.0,1.0,1.0,71.0,0.0,1.0
0.0,55.0,1.0,26.75,1.0,0.0,1.0,45.0,0.0,1.0,49.0,0.0,1.0,67.0,0.0,0.0
0.0,3.0,1.0,11.25,1.0,0.0,1.0,16.0,0.0,1.0,38.0,1.0,2.0,24.0,0.0,0.0
1.0,7.0,1.0,10.5,1.0,1.0,3.0,10.0,1.0,1.0,84.0,1.0,3.0,24.0,0.0,0.0
0.0,32.0,1.0,11.75,3.0,0.0,1.0,22.0,0.0,1.0,126.0,0.0,2.0,59.0,0.0,0.0
1.0,9.0,1.0,12.75,2.0,1.0,4.0,5.0,0.0,0.0,73.0,0.0,,59.0,0.0,0.0
0.0,1.0,0.0,0.0,2.0,1.0,4.0,8.0,0.0,1.0,41.0,1.0,1.0,44.0,1.0,0.0
1.0,0.0,0.0,0.0,2.0,0.0,4.0,2.0,0.0,0.0,22.0,1.0,,19.0,0.0,0.0
0.0,23.0,1.0,10.5,1.0,0.0,1.0,2.0,1.0,1.0,23.0,1.0,1.0,58.0,0.0,0.0
0.0,22.0,1.0,11.75,2.0,0.0,2.0,25.0,0.0,0.0,94.0,1.0,2.0,41.0,0.0,0.0
1.0,1.0,1.0,17.75,3.0,0.0,3.0,7.0,1.0,0.0,30.0,0.0,3.0,16.0,1.0,1.0
1.0,11.0,0.0,0.0,1.0,0.0,2.0,0.0,0.0,0.0,31.0,0.0,1.0,13.0,0.0,0.0
0.0,22.0,1.0,18.0,3.0,0.0,1.0,37.0,0.0,1.0,171.0,0.0,,60.0,0.0,0.0
0.0,23.0,1.0,33.25,2.0,0.0,1.0,27.0,0.0,1.0,102.0,1.0,,72.0,0.0,0.0
0.0,17.0,1.0,8.5,4.0,1.0,4.0,3.0,1.0,1.0,27.0,0.0,2.0,33.0,1.0,1.0
0.0,25.0,1.0,13.25,4.0,0.0,4.0,20.0,0.0,1.0,98.0,1.0,3.0,72.0,1.0,1.0
0.0,8.0,1.0,16.0,4.0,0.0,4.0,25.0,1.0,1.0,591.0,1.0,3.0,66.0,1.0,1.0
0.0,7.0,1.0,34.0,3.0,0.0,1.0,2.0,0.0,1.0,25.0,1.0,1.0,53.0,0.0,0.0
0.0,0.0,1.0,9.5,4.0,1.0,4.0,0.0,1.0,0.0,36.0,1.0,3.0,22.0,0.0,1.0
0.0,1.0,0.0,0.0,3.0,0.0,2.0,0.0,0.0,1.0,25.0,1.0,1.0,14.0,0.0,0.0
0.0,18.0,1.0,19.0,3.0,0.0,2.0,13.0,0.0,1.0,69.0,0.0,,52.0,0.0,1.0
0.0,5.0,1.0,37.25,3.0,0.0,1.0,0.0,0.0,0.0,22.0,1.0,,33.0,0.0,1.0
0.0,26.0,1.0,39.75,3.0,0.0,2.0,37.0,0.0,1.0,67.0,0.0,,72.0,0.0,0.0
1.0,3.0,1.0,14.0,3.0,0.0,4.0,12.0,0.0,1.0,73.0,1.0,,40.0,1.0,1.0
1.0,1.0,1.0,24.25,4.0,1.0,4.0,2.0,1.0,1.0,22.0,0.0,2.0,29.0,1.0,1.0
0.0,22.0,1.0,19.0,3.0,0.0,2.0,12.0,0.0,0.0,9.0,0.0,3.0,63.0,0.0,0.0
0.0,25.0,1.0,24.25,2.0,1.0,3.0,31.0,1.0,1.0,147.0,0.0,,56.0,0.0,1.0
0.0,26.0,1.0,10.25,4.0,0.0,2.0,19.0,0.0,1.0,239.0,1.0,3.0,60.0,1.0,1.0
0.0,3.0,0.0,0.0,1.0,1.0,3.0,1.0,0.0,0.0,23.0,1.0,1.0,28.0,0.0,0.0
0.0,19.0,1.0,21.25,2.0,0.0,4.0,6.0,0.0,0.0,29.0,0.0,1.0,39.0,0.0,0.0
0.0,18.0,1.0,9.75,3.0,0.0,2.0,15.0,0.0,0.0,32.0,1.0,2.0,65.0,0.0,0.0
0.0,7.0,1.0,14.5,3.0,0.0,3.0,7.0,0.0,1.0,30.0,0.0,1.0,29.0,0.0,0.0
0.0,8.0,1.0,17.25,3.0,0.0,2.0,13.0,0.0,1.0,57.0,0.0,,28.0,0.0,0.0
1.0,0.0,1.0,23.5,3.0,0.0,2.0,0.0,0.0,0.0,20.0,0.0,,2.0,0.0,1.0
0.0,13.0,1.0,22.25,3.0,0.0,2.0,20.0,1.0,1.0,248.0,0.0,,67.0,0.0,0.0
0.0,9.0,1.0,22.75,4.0,1.0,3.0,8.0,1.0,1.0,59.0,1.0,1.0,5.0,0.0,1.0
0.0,10.0,1.0,28.5,3.0,0.0,2.0,6.0,0.0,0.0,24.0,0.0,2.0,48.0,0.0,0.0
0.0,4.0,0.0,0.0,1.0,0.0,1.0,4.0,0.0,1.0,25.0,1.0,,10.0,0.0,0.0
1.0,3.0,0.0,0.0,3.0,0.0,3.0,2.0,0.0,1.0,37.0,0.0,3.0,17.0,0.0,0.0
0.0,0.0,1.0,10.5,4.0,1.0,4.0,0.0,1.0,1.0,30.0,1.0,1.0,21.0,1.0,1.0
0.0,9.0,1.0,31.0,4.0,1.0,4.0,13.0,1.0,0.0,66.0,0.0,,25.0,1.0,1.0
1.0,8.0,1.0,12.0,1.0,0.0,1.0,3.0,0.0,0.0,16.0,0.0,1.0,44.0,0.0,0.0
1.0,28.0,1.0,16.0,4.0,1.0,4.0,23.0,1.0,1.0,429.0,0.0,1.0,59.0,0.0,1.0
0.0,7.0,0.0,0.0,1.0,0.0,2.0,4.0,0.0,0.0,20.0,0.0,,11.0,0.0,0.0
0.0,32.0,1.0,18.25,3.0,1.0,3.0,28.0,1.0,0.0,262.0,1.0,3.0,50.0,0.0,1.0
0.0,2.0,0.0,0.0,2.0,0.0,3.0,1.0,0.0,1.0,28.0,1.0,2.0,23.0,0.0,0.0
1.0,0.0,0.0,0.0,2.0,1.0,2.0,0.0,1.0,1.0,18.0,0.0,,17.0,0.0,0.0
0.0,3.0,1.0,31.75,3.0,0.0,3.0,21.0,0.0,0.0,144.0,1.0,,15.0,1.0,1.0
0.0,38.0,1.0,19.0,2.0,0.0,1.0,9.0,0.0,1.0,33.0,1.0,,68.0,0.0,0.0
0.0,23.0,1.0,18.75,1.0,1.0,3.0,0.0,1.0,1.0,19.0,1.0,,69.0,0.0,0.0
1.0,3.0,0.0,0.0,1.0,0.0,1.0,7.0,0.0,1.0,30.0,1.0,3.0,30.0,0.0,0.0
0.0,8.0,1.0,13.25,3.0,0.0,2.0,8.0,0.0,0.0,41.0,0.0,2.0,22.0,1.0,1.0
1.0,1.0,0.0,0.0,1.0,0.0,2.0,0.0,0.0,1.0,20.0,1.0,1.0,10.0,0.0,0.0
0.0,12.0,1.0,40.75,2.0,0.0,3.0,21.0,1.0,1.0,65.0,1.0,2.0,72.0,0.0,0.0
0.0,5.0,1.0,4.75,3.0,0.0,4.0,0.0,0.0,1.0,17.0,1.0,,34.0,0.0,0.0
0.0,18.0,1.0,20.75,3.0,0.0,1.0,22.0,0.0,0.0,66.0,1.0,1.0,43.0,0.0,0.0
0.0,15.0,1.0,15.75,4.0,1.0,4.0,5.0,1.0,0.0,18.0,1.0,2.0,31.0,1.0,1.0
1.0,5.0,0.0,0.0,1.0,0.0,4.0,2.0,0.0,0.0,26.0,1.0,3.0,6.0,0.0,0.0
0.0,21.0,1.0,41.5,3.0,0.0,4.0,4.0,0.0,0.0,46.0,0.0,3.0,48.0,0.0,0.0
0.0,6.0,1.0,7.5,1.0,0.0,1.0,5.0,0.0,0.0,19.0,0.0,,50.0,0.0,0.0
0.0,19.0,0.0,0.0,2.0,0.0,2.0,6.0,0.0,1.0,58.0,1.0,2.0,20.0,0.0,0.0
0.0,10.0,1.0,71.0,1.0,0.0,1.0,21.0,0.0,0.0,25.0,0.0,3.0,61.0,0.0,0.0
0.0,0.0,0.0,0.0,1.0,0.0,2.0,1.0,0.0,1.0,15.0,0.0,2.0,6.0,0.0,0.0
1.0,2.0,0.0,0.0,1.0,1.0,2.0,2.0,0.0,0.0,35.0,0.0,3.0,1.0,0.0,0.0
1.0,13.0,1.0,12.25,4.0,1.0,2.0,1.0,1.0,1.0,41.0,0.0,,21.0,1.0,1.0
0.0,1.0,0.0,0.0,4.0,1.0,4.0,3.0,1.0,0.0,71.0,0.0,,7.0,0.0,1.0
0.0,19.0,1.0,20.25,4.0,0.0,3.0,34.0,0.0,1.0,608.0,1.0,1.0,65.0,1.0,1.0
0.0,10.0,1.0,22.0,2.0,1.0,4.0,9.0,1.0,1.0,44.0,0.0,3.0,64.0,1.0,0.0
1.0,0.0,0.0,0.0,3.0,0.0,2.0,0.0,0.0,0.0,41.0,0.0,3.0,4.0,0.0,0.0
0.0,22.0,1.0,10.75,2.0,1.0,3.0,11.0,0.0,1.0,83.0,1.0,,67.0,0.0,0.0
1.0,12.0,0.0,0.0,2.0,0.0,2.0,3.0,0.0,0.0,28.0,0.0,3.0,22.0,0.0,0.0
0.0,17.0,1.0,9.5,3.0,0.0,2.0,10.0,0.0,1.0,101.0,1.0,2.0,51.0,0.0,0.0
0.0,6.0,1.0,12.75,3.0,0.0,1.0,10.0,1.0,1.0,28.0,0.0,1.0,50.0,0.0,1.0
0.0,18.0,0.0,0.0,1.0,0.0,2.0,0.0,0.0,0.0,35.0,1.0,3.0,31.0,0.0,0.0
1.0,0.0,1.0,12.75,3.0,0.0,2.0,3.0,0.0,1.0,39.0,0.0,3.0,4.0,0.0,0.0
0.0,19.0,1.0,28.5,4.0,1.0,4.0,11.0,1.0,0.0,51.0,0.0,,60.0,1.0,1.0
1.0,12.0,0.0,0.0,1.0,1.0,2.0,7.0,0.0,1.0,31.0,1.0,1.0,7.0,0.0,0.0
0.0,2.0,1.0,4.75,2.0,1.0,4.0,15.0,0.0,1.0,209.0,0.0,,20.0,0.0,0.0
1.0,4.0,0.0,0.0,3.0,0.0,3.0,1.0,1.0,1.0,37.0,1.0,2.0,19.0,0.0,0.0
1.0,5.0,1.0,37.75,4.0,1.0,4.0,8.0,1.0,1.0,64.0,1.0,1.0,58.0,1.0,1.0
1.0,20.0,1.0,24.0,4.0,1.0,3.0,26.0,1.0,1.0,88.0,0.0,3.0,65.0,1.0,1.0
0.0,34.0,1.0,13.25,2.0,0.0,1.0,8.0,0.0,0.0,61.0,1.0,2.0,72.0,0.0,0.0
0.0,3.0,1.0,27.5,4.0,1.0,3.0,10.0,0.0,0.0,66.0,0.0,,8.0,1.0,1.0
0.0,14.0,1.0,8.5,1.0,0.0,3.0,5.0,0.0,0.0,19.0,1.0,2.0,33.0,0.0,0.0
0.0,4.0,1.0,17.0,4.0,0.0,2.0,14.0,0.0,1.0,42.0,1.0,,18.0,1.0,0.0
0.0,6.0,1.0,13.0,3.0,0.0,2.0,13.0,0.0,0.0,41.0,1.0,1.0,24.0,0.0,0.0
0.0,8.0,1.0,20.75,2.0,0.0,1.0,15.0,0.0,1.0,50.0,0.0,3.0,70.0,0.0,0.0
1.0,4.0,1.0,7.0,4.0,1.0,4.0,4.0,1.0,0.0,70.0,0.0,,7.0,1.0,1.0
0.0,27.0,1.0,62.0,3.0,0.0,1.0,19.0,0.0,1.0,85.0,0.0,,70.0,0.0,0.0
1.0,21.0,1.0,27.5,3.0,0.0,3.0,2.0,0.0,1.0,45.0,1.0,1.0,20.0,1.0,1.0
0.0,12.0,1.0,24.25,2.0,0.0,1.0,9.0,0.0,0.0,27.0,1.0,2.0,54.0,0.0,0.0
0.0,28.0,0.0,0.0,1.0,0.0,1.0,2.0,0.0,0.0,29.0,0.0,3.0,36.0,0.0,0.0
0.0,29.0,1.0,36.0,3.0,0.0,4.0,0.0,0.0,1.0,48.0,1.0,3.0,71.0,0.0,0.0
0.0,4.0,1.0,6.75,3.0,0.0,2.0,3.0,0.0,0.0,32.0,0.0,3.0,17.0,0.0,0.0
0.0,17.0,1.0,13.75,3.0,0.0,1.0,9.0,0.0,0.0,43.0,1.0,,18.0,0.0,0.0
1.0,8.0,1.0,13.5,4.0,1.0,5.0,0.0,1.0,1.0,16.0,0.0,2.0,16.0,0.0,1.0
0.0,6.0,1.0,12.25,2.0,1.0,2.0,3.0,0.0,1.0,22.0,1.0,1.0,38.0,0.0,0.0
0.0,19.0,1.0,14.5,4.0,1.0,3.0,9.0,1.0,1.0,40.0,1.0,,52.0,1.0,1.0
0.0,12.0,1.0,18.75,4.0,0.0,3.0,25.0,1.0,0.0,256.0,1.0,1.0,46.0,1.0,1.0
0.0,23.0,1.0,9.75,3.0,1.0,4.0,13.0,0.0,0.0,144.0,0.0,,31.0,0.0,0.0
0.0,10.0,0.0,0.0,2.0,1.0,4.0,0.0,0.0,0.0,45.0,0.0,,23.0,0.0,0.0
0.0,34.0,0.0,0.0,3.0,0.0,2.0,0.0,0.0,1.0,34.0,1.0,,38.0,0.0,1.0
0.0,15.0,1.0,5.5,3.0,0.0,3.0,28.0,0.0,1.0,248.0,0.0,2.0,50.0,0.0,1.0
0.0,17.0,0.0,0.0,4.0,0.0,2.0,5.0,1.0,0.0,41.0,0.0,3.0,16.0,1.0,1.0
0.0,4.0,1.0,20.5,4.0,1.0,4.0,1.0,1.0,1.0,27.0,1.0,2.0,14.0,1.0,1.0
1.0,23.0,1.0,15.25,2.0,0.0,3.0,3.0,1.0,1.0,17.0,0.0,,30.0,0.0,0.0
1.0,0.0,1.0,57.25,4.0,1.0,4.0,11.0,1.0,1.0,44.0,1.0,,22.0,1.0,1.0
0.0,12.0,1.0,16.25,4.0,1.0,2.0,24.0,0.0,0.0,135.0,1.0,3.0,38.0,1.0,0.0
1.0,3.0,1.0,46.75,2.0,0.0,4.0,1.0,1.0,1.0,41.0,1.0,1.0,59.0,0.0,1.0
0.0,1.0,0.0,0.0,3.0,0.0,3.0,33.0,0.0,0.0,587.0,0.0,,54.0,1.0,0.0
1.0,13.0,1.0,17.5,4.0,1.0,4.0,7.0,1.0,1.0,38.0,0.0,3.0,9.0,1.0,1.0
0.0,38.0,1.0,25.25,2.0,1.0,2.0,10.0,1.0,1.0,49.0,1.0,1.0,67.0,0.0,0.0
0.0,19.0,0.0,0.0,1.0,1.0,3.0,0.0,1.0,1.0,33.0,0.0,,24.0,0.0,0.0
1.0,13.0,0.0,0.0,2.0,0.0,1.0,5.0,1.0,1.0,36.0,1.0,,12.0,0.0,0.0
0.0,13.0,1.0,18.0,2.0,1.0,3.0,0.0,1.0,0.0,54.0,0.0,2.0,26.0,1.0,1.0
1.0,4.0,1.0,9.25,4.0,1.0,2.0,11.0,1.0,0.0,58.0,0.0,,3.0,1.0,1.0
0.0,2.0,0.0,0.0,4.0,1.0,5.0,4.0,0.0,1.0,23.0,0.0,,20.0,1.0,0.0
1.0,0.0,1.0,25.5,4.0,0.0,5.0,9.0,1.0,0.0,97.0,1.0,,5.0,1.0,1.0
1.0,19.0,1.0,22.0,4.0,1.0,3.0,12.0,1.0,1.0,207.0,0.0,1.0,58.0,1.0,1.0
0.0,2.0,1.0,25.75,1.0,0.0,3.0,3.0,0.0,0.0,21.0,1.0,1.0,54.0,0.0,0.0
0.0,6.0,1.0,8.25,1.0,1.0,3.0,18.0,0.0,1.0,119.0,0.0,1.0,52.0,0.0,0.0
0.0,10.0,1.0,12.0,1.0,0.0,1.0,5.0,0.0,1.0,25.0,1.0,3.0,38.0,0.0,0.0
0.0,5.0,0.0,0.0,1.0,0.0,3.0,17.0,0.0,0.0,59.0,0.0,2.0,19.0,0.0,0.0
0.0,2.0,0.0,0.0,1.0,1.0,1.0,3.0,0.0,0.0,24.0,1.0,,22.0,0.0,0.0
0.0,15.0,0.0,0.0,2.0,1.0,4.0,4.0,0.0,0.0,113.0,1.0,,49.0,0.0,0.0
0.0,0.0,1.0,9.25,3.0,0.0,1.0,0.0,0.0,1.0,22.0,0.0,,5.0,0.0,0.0
0.0,28.0,0.0,0.0,1.0,0.0,1.0,17.0,0.0,0.0,11.0,0.0,3.0,18.0,0.0,0.0
0.0,4.0,1.0,7.5,3.0,0.0,1.0,13.0,0.0,1.0,33.0,0.0,,43.0,0.0,1.0
1.0,2.0,0.0,0.0,4.0,1.0,5.0,19.0,1.0,0.0,205.0,0.0,,17.0,1.0,1.0
1.0,4.0,0.0,0.0,2.0,1.0,3.0,8.0,1.0,1.0,41.0,0.0,2.0,37.0,0.0,0.0
0.0,0.0,0.0,0.0,1.0,0.0,1.0,7.0,0.0,1.0,39.0,0.0,3.0,8.0,0.0,0.0
0.0,8.0,1.0,23.0,3.0,0.0,2.0,21.0,0.0,1.0,107.0,1.0,2.0,51.0,0.0,1.0
0.0,11.0,1.0,32.0,3.0,0.0,1.0,31.0,0.0,1.0,198.0,1.0,,71.0,1.0,0.0
0.0,23.0,1.0,9.5,2.0,1.0,5.0,14.0,1.0,1.0,100.0,1.0,3.0,56.0,1.0,0.0
0.0,21.0,1.0,15.0,3.0,0.0,2.0,45.0,0.0,0.0,1131.0,0.0,2.0,70.0,0.0,1.0
0.0,14.0,1.0,16.5,3.0,0.0,3.0,26.0,0.0,1.0,360.0,0.0,3.0,62.0,0.0,0.0
0.0,22.0,1.0,14.25,4.0,1.0,2.0,27.0,1.0,1.0,162.0,1.0,2.0,50.0,1.0,1.0
1.0,3.0,0.0,0.0,1.0,1.0,5.0,2.0,1.0,1.0,29.0,0.0,3.0,1.0,0.0,0.0
1.0,1.0,0.0,0.0,4.0,1.0,4.0,1.0,1.0,0.0,38.0,0.0,2.0,15.0,1.0,0.0
0.0,24.0,1.0,65.25,2.0,1.0,3.0,25.0,1.0,1.0,82.0,1.0,,72.0,0.0,0.0
1.0,10.0,1.0,36.25,3.0,0.0,2.0,24.0,0.0,0.0,159.0,1.0,,69.0,0.0,0.0
0.0,10.0,1.0,18.5,3.0,0.0,2.0,24.0,0.0,0.0,201.0,0.0,,32.0,0.0,0.0
1.0,6.0,1.0,34.75,3.0,0.0,4.0,0.0,0.0,1.0,27.0,1.0,,19.0,1.0,0.0
0.0,19.0,1.0,11.75,4.0,1.0,3.0,10.0,1.0,1.0,57.0,0.0,1.0,42.0,1.0,1.0
0.0,29.0,1.0,8.5,1.0,0.0,1.0,16.0,0.0,0.0,45.0,0.0,3.0,51.0,0.0,0.0
1.0,2.0,1.0,19.0,3.0,0.0,2.0,2.0,0.0,1.0,17.0,1.0,3.0,32.0,1.0,0.0
0.0,13.0,1.0,12.0,3.0,0.0,1.0,26.0,0.0,0.0,61.0,1.0,1.0,26.0,0.0,0.0
0.0,14.0,1.0,17.5,4.0,0.0,4.0,18.0,0.0,0.0,418.0,1.0,,39.0,1.0,0.0
0.0,12.0,1.0,19.25,4.0,0.0,2.0,32.0,0.0,1.0,152.0,0.0,3.0,72.0,0.0,1.0
1.0,11.0,1.0,13.75,4.0,0.0,4.0,1.0,0.0,0.0,38.0,0.0,,4.0,1.0,1.0
0.0,5.0,1.0,25.75,3.0,0.0,4.0,20.0,0.0,0.0,151.0,1.0,,54.0,0.0,1.0
0.0,21.0,1.0,16.75,4.0,1.0,4.0,9.0,1.0,1.0,23.0,1.0,3.0,34.0,0.0,1.0
0.0,4.0,1.0,19.25,1.0,1.0,4.0,0.0,0.0,1.0,33.0,1.0,,20.0,0.0,1.0
0.0,4.0,1.0,14.5,1.0,0.0,1.0,8.0,0.0,0.0,26.0,0.0,3.0,14.0,0.0,0.0
0.0,26.0,1.0,29.25,3.0,0.0,1.0,40.0,0.0,1.0,89.0,0.0,,61.0,0.0,0.0
1.0,2.0,1.0,15.75,1.0,0.0,4.0,0.0,0.0,0.0,25.0,0.0,1.0,4.0,1.0,0.0
1.0,25.0,1.0,14.0,3.0,0.0,2.0,13.0,0.0,0.0,59.0,0.0,3.0,16.0,0.0,0.0
0.0,9.0,0.0,0.0,1.0,1.0,2.0,12.0,0.0,1.0,55.0,0.0,1.0,13.0,0.0,0.0
1.0,18.0,1.0,23.5,2.0,1.0,3.0,6.0,1.0,1.0,25.0,1.0,,53.0,0.0,0.0
1.0,13.0,1.0,55.5,4.0,1.0,2.0,8.0,0.0,1.0,39.0,1.0,,58.0,1.0,1.0
0.0,19.0,1.0,32.75,3.0,0.0,1.0,19.0,1.0,1.0,56.0,1.0,,25.0,1.0,1.0
0.0,19.0,1.0,15.0,3.0,0.0,3.0,30.0,0.0,0.0,155.0,1.0,3.0,71.0,0.0,0.0
1.0,13.0,0.0,0.0,4.0,1.0,5.0,0.0,1.0,1.0,119.0,1.0,1.0,22.0,1.0,1.0
0.0,15.0,1.0,11.5,3.0,1.0,3.0,20.0,1.0,0.0,64.0,1.0,1.0,46.0,0.0,1.0
0.0,2.0,1.0,14.25,2.0,0.0,5.0,24.0,0.0,0.0,333.0,1.0,3.0,66.0,0.0,0.0
0.0,29.0,1.0,29.25,4.0,0.0,2.0,7.0,1.0,1.0,26.0,1.0,1.0,69.0,1.0,1.0
0.0,3.0,0.0,0.0,2.0,1.0,4.0,11.0,1.0,0.0,33.0,1.0,3.0,38.0,0.0,1.0
0.0,7.0,0.0,0.0,1.0,1.0,3.0,3.0,1.0,0.0,46.0,0.0,2.0,16.0,0.0,0.0
0.0,8.0,1.0,10.25,4.0,1.0,2.0,8.0,0.0,0.0,41.0,1.0,,44.0,1.0,0.0
0.0,24.0,1.0,28.25,3.0,0.0,1.0,8.0,0.0,0.0,31.0,0.0,,50.0,0.0,0.0
0.0,1.0,1.0,35.75,4.0,1.0,4.0,0.0,1.0,1.0,29.0,0.0,1.0,10.0,1.0,1.0
0.0,6.0,1.0,9.0,4.0,1.0,2.0,16.0,1.0,0.0,94.0,0.0,,7.0,1.0,1.0
0.0,25.0,1.0,19.75,1.0,0.0,3.0,19.0,0.0,0.0,288.0,0.0,1.0,71.0,0.0,0.0
0.0,5.0,0.0,0.0,1.0,0.0,1.0,4.0,0.0,1.0,31.0,1.0,1.0,16.0,0.0,0.0
0.0,0.0,1.0,15.5,3.0,0.0,2.0,0.0,0.0,1.0,25.0,0.0,2.0,6.0,0.0,0.0
0.0,24.0,1.0,18.0,3.0,0.0,2.0,35.0,0.0,0.0,269.0,0.0,1.0,46.0,0.0,0.0
0.0,13.0,1.0,21.75,3.0,0.0,3.0,27.0,0.0,0.0,203.0,1.0,2.0,51.0,1.0,0.0
1.0,12.0,0.0,0.0,1.0,1.0,2.0,2.0,1.0,0.0,22.0,0.0,,5.0,1.0,1.0
0.0,23.0,1.0,41.25,1.0,0.0,2.0,1.0,0.0,1.0,25.0,1.0,,49.0,0.0,0.0
0.0,14.0,0.0,0.0,2.0,1.0,5.0,16.0,0.0,0.0,222.0,1.0,3.0,49.0,0.0,0.0
0.0,4.0,0.0,0.0,1.0,1.0,3.0,7.0,1.0,0.0,76.0,1.0,,26.0,0.0,0.0
1.0,4.0,1.0,17.75,4.0,1.0,2.0,17.0,0.0,1.0,55.0,0.0,,22.0,1.0,1.0
0.0,4.0,1.0,32.25,4.0,0.0,3.0,6.0,1.0,0.0,46.0,1.0,3.0,51.0,1.0,1.0
1.0,7.0,1.0,21.75,4.0,1.0,4.0,1.0,1.0,0.0,56.0,1.0,,19.0,1.0,1.0
1.0,1.0,1.0,30.75,3.0,0.0,3.0,11.0,1.0,1.0,79.0,0.0,,9.0,1.0,1.0
0.0,0.0,0.0,0.0,1.0,0.0,3.0,2.0,0.0,1.0,51.0,1.0,2.0,15.0,0.0,0.0
0.0,19.0,1.0,33.75,3.0,0.0,1.0,27.0,0.0,0.0,61.0,0.0,,57.0,0.0,0.0
0.0,15.0,0.0,0.0,1.0,0.0,1.0,10.0,0.0,1.0,41.0,0.0,1.0,48.0,0.0,0.0
1.0,20.0,0.0,0.0,1.0,1.0,2.0,13.0,1.0,1.0,50.0,1.0,2.0,9.0,0.0,0.0
0.0,21.0,1.0,15.75,3.0,0.0,1.0,18.0,0.0,0.0,82.0,0.0,1.0,61.0,0.0,0.0
0.0,34.0,1.0,14.75,3.0,0.0,1.0,23.0,0.0,0.0,108.0,0.0,,72.0,0.0,1.0
0.0,20.0,1.0,11.75,3.0,0.0,2.0,27.0,0.0,1.0,14.0,0.0,2.0,57.0,0.0,0.0
0.0,10.0,1.0,7.5,2.0,0.0,1.0,13.0,0.0,0.0,46.0,0.0,,57.0,0.0,0.0
0.0,0.0,1.0,22.0,3.0,0.0,1.0,20.0,0.0,0.0,46.0,1.0,,37.0,0.0,0.0
0.0,13.0,1.0,37.75,1.0,1.0,4.0,16.0,0.0,0.0,146.0,0.0,,45.0,0.0,0.0
0.0,15.0,1.0,14.25,1.0,0.0,1.0,11.0,0.0,1.0,36.0,1.0,,45.0,0.0,0.0
0.0,24.0,1.0,14.25,3.0,0.0,1.0,23.0,0.0,1.0,83.0,0.0,3.0,55.0,0.0,0.0
1.0,2.0,0.0,0.0,2.0,0.0,3.0,3.0,0.0,0.0,17.0,0.0,1.0,24.0,1.0,0.0
1.0,1.0,0.0,0.0,1.0,1.0,3.0,0.0,1.0,0.0,18.0,0.0,3.0,1.0,1.0,1.0
0.0,3.0,1.0,12.75,3.0,0.0,1.0,7.0,0.0,1.0,24.0,1.0,,34.0,0.0,0.0
0.0,5.0,0.0,0.0,1.0,0.0,3.0,1.0,0.0,1.0,48.0,1.0,3.0,14.0,0.0,0.0
0.0,10.0,1.0,12.5,3.0,0.0,1.0,10.0,0.0,0.0,47.0,0.0,2.0,6.0,0.0,0.0
1.0,0.0,1.0,32.75,4.0,1.0,4.0,5.0,0.0,0.0,25.0,0.0,,24.0,1.0,1.0
1.0,6.0,1.0,10.75,4.0,0.0,4.0,0.0,1.0,1.0,59.0,1.0,1.0,3.0,1.0,1.0
1.0,1.0,1.0,29.0,4.0,1.0,4.0,6.0,1.0,0.0,45.0,0.0,2.0,4.0,1.0,0.0
0.0,19.0,1.0,14.75,2.0,1.0,4.0,15.0,0.0,0.0,163.0,1.0,,72.0,0.0,0.0
1.0,4.0,0.0,0.0,3.0,0.0,2.0,6.0,0.0,1.0,63.0,0.0,,44.0,0.0,0.0
0.0,6.0,1.0,52.75,3.0,0.0,3.0,4.0,0.0,0.0,27.0,0.0,2.0,50.0,0.0,0.0
0.0,16.0,1.0,26.5,2.0,1.0,2.0,22.0,1.0,1.0,190.0,1.0,,61.0,0.0,1.0
0.0,2.0,1.0,13.5,3.0,0.0,2.0,19.0,0.0,0.0,106.0,1.0,3.0,34.0,0.0,0.0
1.0,30.0,1.0,23.75,4.0,1.0,3.0,1.0,0.0,1.0,26.0,1.0,,26.0,0.0,1.0
1.0,17.0,0.0,0.0,4.0,1.0,5.0,1.0,1.0,0.0,63.0,1.0,2.0,15.0,1.0,1.0
0.0,0.0,0.0,0.0,1.0,1.0,3.0,0.0,1.0,1.0,27.0,0.0,3.0,10.0,0.0,0.0
0.0,2.0,0.0,0.0,1.0,0.0,5.0,5.0,1.0,1.0,22.0,0.0,,7.0,0.0,0.0
0.0,40.0,1.0,35.75,4.0,1.0,5.0,33.0,1.0,1.0,944.0,0.0,2.0,67.0,1.0,1.0
0.0,18.0,1.0,25.25,3.0,0.0,2.0,22.0,0.0,1.0,87.0,0.0,1.0,70.0,1.0,0.0
1.0,7.0,1.0,16.25,2.0,1.0,3.0,3.0,1.0,1.0,39.0,1.0,3.0,50.0,0.0,0.0
