customer_id,income_index,account_balance_index,income_index_duplicate,website_visits,app_sessions,support_calls,complaint_score,near_constant_flag,random_noise,target_purchase
C1000,63.50301362160339,,63.710086583875075,26.526450864719752,12.009715629334137,2.4669648544326432,46.67719027434528,0,-0.82189177154304,1
C1001,47.28100203354363,,45.43578857012558,28.428597328084813,20.4429961940487,2.611667417966624,42.328219735581285,0,1.5753766494355401,0
C1002,74.39809784961142,65.29877733955058,69.61968478803456,28.591058687187747,25.29037522603657,5.517893756240705,54.52199076753598,0,-0.06101735102840823,0
C1003,73.9694165822348,64.81335071340277,72.04063166662824,20.97005392077811,18.04638470421883,3.7757600771096143,47.903489707421485,0,0.1261651964309746,1
C1004,36.621914053428355,32.440354281351034,36.336475148117046,30.011423344658247,20.661842375713455,7.830050009493585,63.66577826652196,0,-0.33960502560656863,0
C1005,45.12020784705543,38.54138085707454,41.89313740766764,35.562473886672805,29.11039390574207,3.8920015352065307,43.55031311951731,0,-0.8897903262971976,0
C1006,61.66672197232002,,60.537666212005036,26.589539422178643,23.669594417563598,6.814805365527488,61.1112667586977,0,-1.4686394303152919,0
C1007,55.59634693749037,54.00795192973202,57.43799082597971,33.46228950344513,27.13874360219168,3.794995320286612,48.97657730543668,0,0.6328683235572881,1
C1008,56.55110451778367,51.00948775535152,57.02039182921996,33.34410547575777,17.743757660361197,3.887113162310886,56.571918342110955,0,-0.7834010538966204,1
C1009,49.31031723629625,48.219609718743676,49.41594945692352,23.652281941538348,19.321226998007482,7.597255826249466,64.76611521957892,0,3.0595312289968235,0
C1010,68.3144809283964,,69.37277491988668,24.328050576521353,17.19090991863043,3.4715630182545456,49.06045804237851,0,-1.086073582612479,1
C1011,65.58255660837794,61.961645016534085,70.13807352673221,31.652210912321124,22.38769004602763,2.747159814252284,44.335827171963246,0,-1.25738247498137,1
C1012,62.3260338143772,56.098897993908196,60.11725441859113,30.587741954839295,15.96701100495175,3.2347453970644433,46.29973857811678,0,0.5101387156134412,1
C1013,74.7006884634161,76.05293264991599,73.930848504352,46.69359139903041,35.89602701759427,5.72343185163372,54.21134045272762,0,1.5293134789672953,1
C1014,60.24998957292031,54.16583080043898,66.17557252619365,36.772442100075416,32.7494692187722,0.9630743885966715,33.918373680958936,0,0.06458965694322165,1
C1015,49.320436532915764,52.29513363712815,51.52471628513116,28.037215225023346,22.964814556888513,6.059630521433929,48.54044128495727,0,0.5722424201872743,0
C1016,67.41211356668975,59.28687749677411,64.22206746531461,24.01323662478175,15.317354313676459,3.7932801351311523,46.14007285009313,0,-1.8435474174587096,1
C1017,51.67108000674098,47.05586166377387,48.86945315967463,25.215831903114694,11.437001991058883,5.491098691242313,60.154472054684945,0,-0.6775115456917667,0
C1018,73.618914144343,64.25789466662555,69.05634813655983,30.672394140538906,32.772837478770235,-2.596664656671689,34.47371126607236,0,-1.073615729137567,1
C1019,59.517628688869344,56.279648162918406,60.59130263145871,33.48490012038343,19.13716802489194,3.9703613058062155,48.42148124741375,0,-1.895045849947881,1
C1020,55.24651565354942,52.53663594709933,57.02114278938551,38.59963524828346,21.59904153544994,0.8837224282440577,41.218250245124025,0,0.11698023402388695,1
C1021,48.57774898507852,54.00690528179042,51.268091303064956,15.431208599381605,7.820854631763227,0.6330551717759736,40.39609348920675,0,-2.2428276216104335,0
C1022,75.70431077833945,65.39952880984141,74.64824826923916,39.6203178365712,29.128931454009944,3.781512304999175,50.92453210402224,0,-1.3221959660874487,1
C1023,59.283486318269865,57.98364346802897,56.58276186983453,30.823086382123694,18.688822857216934,4.413421041470318,,0,-0.537193794013418,1
C1024,58.72205946885791,48.13925329751684,55.088836162971646,20.639089727576668,8.296094959802335,3.2135680309710772,55.56869348164241,0,-0.8312858359510763,0
C1025,59.074336345167495,51.237657109512554,56.741863667066255,19.7441474671678,10.586140824646206,3.1695688379207514,53.166818640101255,0,0.3964085022070677,1
C1026,65.99102425704666,56.03524164637261,66.68064405013747,22.732364401176664,21.94410610625545,5.8076583415528535,54.98529741095469,0,0.30558019190248,1
C1027,60.652711135786326,60.47453552503086,62.796431208190214,34.19079759175105,17.012350136874076,0.935640769729974,40.768347797807266,0,0.8937987459354568,1
C1028,63.99547154811916,64.90782994366602,64.8289820448222,23.722650802673794,16.801151369321364,4.615545924043268,53.005198233727036,0,0.7523837327126781,0
C1029,65.82154562052617,58.99878531079541,65.91188093907408,27.34998247545859,21.2597166932134,5.5367184158192355,57.668051413233584,0,1.1408127893613809,1
C1030,85.09352147427732,75.62893321388898,83.82178244447962,22.438411961264144,16.311530190203264,5.160530807366084,49.77831970854572,0,-0.0019184000090541567,1
C1031,53.38933747915165,46.47738198388213,54.0482537895669,25.580621284484245,21.761783652947376,5.609409919843258,53.736958489069195,0,0.3034669008166697,0
C1032,54.61174169605125,48.960402095075395,54.72963085522307,41.07658498356679,29.402430087696935,5.504074046186266,52.02701015946351,0,0.5115137019191913,1
C1033,48.722854036793635,40.49109567863511,50.50482269522276,6.548423696007033,4.049733858770229,8.268725226143651,71.05932268921697,0,0.1416566973910257,0
C1034,65.50755481972983,57.50828227887965,67.8037246530327,29.61708187590132,19.767432350476234,4.315195596833389,48.23915472270089,1,-0.3971943099170739,1
C1035,74.48202601556102,67.19686711164546,75.40716232027401,33.22225304689794,19.1597858610833,3.1266243040157633,40.22558533760554,0,-0.3324425343397702,1
C1036,57.42665276775388,59.136578214416836,59.1011832866477,33.651350502795225,21.566002667608338,2.5556431425219586,45.485113300128376,0,-0.8175583983299655,1
C1037,50.65043544338472,57.83527867529273,50.57601028688284,27.979086513143454,20.527828123912453,2.043008838897961,39.644833076065524,0,0.4216168299098296,0
C1038,50.92583748026149,44.408847502804,52.816970938923454,22.257298559898885,8.883078133412212,1.7261545606168853,40.17211877250464,0,-0.09401517408515554,0
C1039,64.38882645062169,,67.59330889580593,28.35358879353333,18.105082212745373,2.994945181120924,42.62950739162628,0,-0.6631737506367649,1
C1040,67.47532668284506,63.40755163364101,68.12116729082281,43.5990622485018,34.058305682663445,4.413784918640689,48.613444959330124,0,-0.6622448193245927,1
C1041,70.83118203941171,59.82655209606645,66.94564761790947,22.259868042749254,6.009138298278322,4.712807259895612,,0,-1.2103987277827886,0
C1042,48.52764497433281,50.07528073401766,52.452874541924565,41.96878334693765,30.284335305770334,3.293158132163284,45.810541833359174,0,0.9788413412371997,1
C1043,56.43597252988904,57.56927916538703,62.259220484854424,21.684743617638556,20.77261995766282,2.536600703203284,42.324675105699214,0,0.07861766953178756,1
C1044,55.81469424996121,56.608440993856156,60.36783269013389,28.25998346674574,20.440386006953272,5.772351343144183,59.25359025151185,0,-0.8628000195732701,0
C1045,62.71159300047817,55.55355331598346,64.93410758283824,27.009296297837448,13.101408955380938,5.6720069244150935,54.07304705237447,0,0.8085477496020183,0
C1046,70.54989716947637,58.1218491402865,70.7839888057663,29.356667041949247,17.0317100254266,5.887228692296368,43.89639341281394,0,-0.560448809794373,1
C1047,62.330314019020825,51.061454677658496,61.95086120389411,41.181408883510755,31.135884017092792,2.1703949321293408,46.78233687245252,0,-1.4065006270122327,1
C1048,71.78953224364824,64.40211516384386,69.06289305914234,33.79050316216303,22.966252185527765,5.519144860784958,57.756707257963015,0,,1
C1049,52.792445534557885,54.568990334546065,60.70180368230536,42.323289140448566,32.832890849789294,5.444409242216508,51.368803076959814,0,-0.5370969895661131,1
C1050,64.65723440757228,,63.21655133796198,40.57217136418284,30.857686322402206,1.2017473952692876,32.532445129271025,0,-0.4088990902087895,1
C1051,72.25977331547321,61.34690476527801,68.13773158197698,32.50319693149868,21.388187121930265,6.201884607203356,51.57406719222121,0,0.04118002034917748,1
C1052,39.13078786705685,43.60817081310584,41.22224789350031,43.78116172516456,30.358963463202464,4.146032332417286,47.116622852335986,0,1.1425892227901149,0
C1053,55.0245258683427,52.52474360853258,56.516572607629556,33.82634009436654,19.489855668994714,2.5246996493445395,43.72883953864247,0,0.020037290866311695,0
C1054,52.09685239680059,47.67205371050818,56.26848295621821,33.91161930040248,22.602498999200897,3.5808810407819047,48.856355668473064,0,-1.1991171261452302,0
C1055,49.65042768284731,53.516393340162374,52.79964348327721,29.755949867248084,12.438817390932533,0.7388302943411287,34.881902260636785,0,0.5438770041121802,0
C1056,55.719506970210674,58.565319499659694,56.322080881496326,42.189345120535314,22.65530707806102,6.921306110420999,59.363758748858295,0,-0.48498972426172404,0
C1057,82.22175158586627,71.92763973363537,77.43219045438451,17.312662856293485,20.544776863146375,7.342204032426593,59.43370721119367,0,1.8879239715294662,1
C1058,55.12218663814364,50.23634288844393,49.19968663833597,39.21272157351874,31.20307437257489,3.8140601654176445,46.047236574416935,1,-0.0011197219978901704,1
C1059,70.61152257997732,69.65062353317006,71.36537757704998,17.532810660605453,6.873621172316392,5.986023525012882,54.67374453735804,0,-2.235035497898666,0
C1060,45.52074338280375,42.69169954946001,39.42775620785207,38.56841304941829,27.65101641159223,-0.9148092421924217,29.3824161382245,0,0.357364972155674,1
C1061,56.08810907112458,54.10754640859274,56.89769108124527,28.661021433270168,22.931761647234552,1.355136149630329,43.68979133289281,0,1.9445977922602284,0
C1062,67.21410986136331,59.02091883934959,60.21982767805108,42.41739584390841,26.828299712055244,6.116427266975127,48.4932881357134,0,1.5759202885453896,1
C1063,66.75477202735087,62.94086560697879,67.89666802672348,40.708978215885196,25.560425213068967,2.2499716065883124,39.3302642087962,0,1.8309542887565653,1
C1064,68.9278924356527,57.722915099740376,68.1550324323717,45.33485373224713,26.7208439511136,4.70931141928277,53.117352209548415,0,-1.0197601853814635,1
C1065,70.61659024032761,65.7363649794376,69.89711460809448,40.37440668276587,25.915631341900436,7.300329299247919,61.03588334884163,0,0.9121523959767788,1
C1066,65.35186017112136,46.089493393009406,54.68831122281789,8.046486379619365,5.805039022123163,0.7040906466100556,41.45928177816605,0,-0.7219945397367117,0
C1067,57.00563521255957,47.1980842528541,55.78040955487464,35.82618380847848,20.13023284344714,3.2616425476864026,42.236530125564386,0,0.2242893994169245,0
C1068,68.17391698523146,68.79401908380389,71.54134553525772,22.124191066810834,7.1123408852696475,4.106519443726619,44.7670003622889,0,-1.2729524287397325,0
C1069,60.6113417122482,56.44783740196064,58.663938627170694,30.16513468405053,18.000615776868866,7.349594772655727,61.28178456968877,0,-0.6444557648827163,0
C1070,43.60626650869191,48.19272992536423,43.177009344151394,37.21032448684769,33.65213705921712,1.491742700481925,37.51790341191592,0,-0.6762466973636153,1
C1071,44.9313028832546,42.58043032521602,47.229674503024285,31.777190960760226,22.113197091138368,5.229564652554819,56.71932175496752,0,0.8985552801426162,0
C1072,51.692376647657,41.196481774876816,49.37142765561637,24.992309747949125,11.696719255717472,6.795853608742197,59.462054970824944,0,,0
C1073,66.05918569195863,59.00985865225627,64.3606576815126,21.822109511126957,6.435909307267263,-0.37909058250155003,32.4618744153637,0,0.2768197293308208,0
C1074,62.544836576382195,56.83238254966795,61.684811449075966,31.394531095050045,19.430234047908293,1.6621588934899303,43.08135527455045,0,-1.3504214180553855,1
C1075,68.32777991440909,62.220808406037726,68.65035873784647,24.60557944867084,9.739297151487289,3.7537460717782203,50.681436620705185,0,-0.31163943394972,0
C1076,55.88271762377789,55.26219545166146,55.42904351778474,17.569996519615955,10.64895982117977,3.2913554873868187,43.600343880979786,0,-0.746116482942726,0
C1077,63.17737398522902,55.140315210753364,62.07973765986942,36.391352059279185,23.543122569795223,4.815748846409962,54.604552833602426,0,0.869675756694491,0
C1078,61.6961839294918,62.66404182688506,67.79831614445543,39.275623928685285,26.737273107152927,5.1608042817330695,53.78198394822664,0,1.1781848528171845,1
C1079,58.287559529185735,,57.761452915610235,34.05496433329733,21.03412242963538,-0.2937850463798908,28.819004132027047,0,1.056385586030883,1
C1080,62.53524459119803,61.36902148774937,66.70733676059962,,2.29725622289196,4.509282161015238,48.53970216968982,0,-0.7552194194170205,0
C1081,47.72999130052195,48.39317479007603,49.189833753417446,34.44712850574954,25.344480720000664,1.9009687005666969,44.53748869860266,0,-2.739533122289479,1
C1082,55.46812010964309,48.37020818121121,55.32591528638146,20.919837181736476,22.31304584389371,7.850052782534509,64.84524943391729,0,,0
C1083,55.671088281963414,50.2393036113173,55.2544942444761,35.904698327936394,22.507153813113383,3.3782464681535096,43.67210944400442,0,1.4216269780822084,1
C1084,43.56940575921468,42.30490055804872,43.897825680204555,36.961254111317686,33.17078282695301,3.3317628094744016,45.209888110387574,0,-0.4012549393198239,1
C1085,68.33676534243091,58.78910429050743,65.9378528276593,13.707925436031953,2.0745961932065837,6.329474642751514,57.730420704128285,0,-0.7507246182651125,0
C1086,50.34064641845459,57.39134156704349,55.61592968997782,24.794497249159473,15.959386325843353,8.338502212912598,62.42406605852993,0,1.642660293436234,0
C1087,58.92909817841457,54.73115717804536,59.06336156514166,39.40540317152237,24.578311251012895,3.1869726239622516,51.854249492044694,0,1.2651599454883269,1
C1088,64.0143375020719,58.83188214834974,66.10536084556078,,7.519329678326224,-0.10957121564672456,36.46471128972126,0,0.02444872191978665,0
C1089,65.21861230134131,51.07550792985887,64.44255063506289,39.03103813984541,31.638018344246817,4.459893795681978,59.77044118345454,0,-0.2934030910639739,1
C1090,68.82121416161515,58.07702168180995,67.31270928399375,30.920442117720455,20.237195924971257,1.080564274268509,37.15893776103052,0,-0.13210121281312523,1
C1091,55.794495337016286,52.962851457080355,60.29556782005695,41.86420296176588,27.45555002423218,3.3929689755728143,54.964952104367576,0,0.22716279838746606,1
C1092,57.09326828783884,48.02360617485189,54.37786243535833,,17.658970683941316,0.852878065146514,35.55517791972374,0,1.600047281319608,1
C1093,59.23238857412731,59.7296482644472,59.50559395813384,34.96758959363704,16.944866187672275,3.676040579796722,53.877994281653976,0,0.4224674242372267,1
C1094,34.076148032567914,37.46690455883483,37.880768676442656,37.60198676805425,31.05021800245362,2.7218445589226676,42.8193516233402,0,0.7260290330391413,1
C1095,36.75887600973186,45.68265227304214,44.496967892317834,25.59431579875556,12.487248444901915,1.4864290209075712,36.86488799581214,0,1.1692701090701714,0
C1096,44.09064677295924,42.01982241265745,44.73025709805367,33.42910394499573,19.792659172222496,5.9086689377284545,52.76125530888437,0,-1.169676001024419,0
C1097,47.37013611542316,45.17644306967149,47.85053822613196,25.123483083471942,24.96844677774535,4.9910174949917545,52.76239926617528,0,0.7548618924740429,0
C1098,64.48703037995735,58.642556476384364,65.37283723068114,26.10042374542677,13.004722971067007,3.3750532506408826,48.07480357334487,0,-0.29456875466161137,1
C1099,49.05030396608861,45.960394452885225,47.72443190673145,29.33425692804224,14.568741290908903,6.528948761218246,61.220222182603,0,-2.516095195772766,0
C1100,56.13872887005787,58.09355447180554,56.644580093279984,38.327626938676815,15.651131087683476,5.239838559494182,46.68512010364171,0,-2.128169541985812,1
C1101,78.43368840297768,58.71384007085578,75.26675479793636,28.66660869993074,25.764474289436325,4.298646464423967,51.97038359064062,0,-1.0181176115186856,1
C1102,52.391517644510216,43.43117731163103,55.52076283221445,37.58794561111982,21.234256136726145,2.675342142732407,,0,0.5312232285925814,0
C1103,65.33427204290265,60.20247236044641,68.35853120663955,28.72486214786498,15.977220729037185,1.7582923859765556,47.261750052209855,0,0.11379956534029644,1
C1104,45.51661626621933,45.72193472765151,48.21593643713589,33.765486318609035,18.959630490636087,3.201769597772043,56.22711963837868,0,,1
C1105,58.40149930709456,55.70604212037975,58.22941991721685,39.06679617495218,26.793002842285514,2.9504299348218583,53.54326011893344,0,1.950943482686692,1
C1106,52.33457747701237,47.39212824300409,48.85564219117725,24.947163882993276,13.045537181403978,3.0549181315142477,45.57858085059158,0,-1.2690896148598123,0
C1107,54.63758477447472,50.0726855894721,56.58335123059629,23.429997287337788,11.192576855662834,6.256859581707224,59.52689571342235,0,-0.027433354183723595,0
C1108,62.578598117009776,67.47925614754101,70.07490296000317,32.746273004226175,24.01481894539394,3.929754007375648,43.982209194621774,0,0.3044355228138156,1
C1109,34.16017633386069,41.84757738068744,39.785354732768994,33.96035977994324,28.107979762685755,-0.27657778778206954,33.1550698593005,0,-0.7362731165383355,0
C1110,62.71397355416226,60.08046776054484,64.79423497862525,29.734126833682335,14.922498987296477,7.947972351470123,61.282234499965014,1,0.028326745082940964,0
C1111,61.179640565501686,61.227986313270144,65.08255906939688,34.23947522238906,28.09194777750092,8.167582417271902,69.18513559006588,0,-1.599949334084345,0
C1112,51.64503464987429,50.14908149676057,51.30227011520797,37.39484566800454,23.408000890932858,2.1903165777703237,48.38123839105947,0,1.4099062172750279,0
C1113,42.7630491162813,38.29348934898392,43.908243070901534,38.53464322880782,29.773270373608543,0.1631294178565842,32.022542952834534,0,-0.6816145525304338,1
C1114,59.930315100099094,58.51256243313872,62.233461543287405,33.523254360017205,19.828518154889387,3.5520391872603385,46.2845262263874,0,2.031400164778503,1
C1115,56.79410632286459,50.14752539967668,52.793928685268774,42.16102124042953,41.10625901647764,1.5712425332042046,47.97899470337995,0,-0.03247432391745505,1
C1116,60.76406261921234,57.33212150056499,65.02138814681243,32.312833940477496,18.46398395938688,3.4398452951059517,51.46842532628872,0,1.0280535653991831,0
C1117,57.67527186785469,61.11033574399273,61.257716029226636,15.429921815439098,2.4895407363941393,1.7872959990298083,39.27909981608659,0,-0.05330286899115438,1
C1118,80.65797331141236,61.21430039904881,80.19248570267389,39.92997450133322,29.197957978592154,4.943973119181826,49.109335753719805,0,-0.03074383226052982,1
C1119,52.52080626054535,46.93570704463148,57.15575465734958,25.21600276499314,14.391247460996869,4.235624338225495,48.44626659973406,0,-0.5840293332220078,0
C1120,48.88710520449762,40.01674336828387,47.50080393031894,24.860365943616912,16.931307904354714,0.4716535784402469,34.26651584132715,0,0.11912392936627762,0
C1121,62.458967170654596,55.33971375928794,61.941898792436184,36.3747649677726,29.451335373214814,5.2215342698169795,51.65407069895929,0,0.31799869441404743,1
C1122,62.19763273790668,56.181534160653534,63.0304908039807,15.03067828610004,5.1004365605119935,8.196169987501829,65.9576475797074,0,-0.7842585089151799,0
C1123,81.07507922433302,62.56257316131217,77.71143717791912,24.900505536271492,4.697370875042457,4.948712247424688,47.809042198703665,0,-0.1250444158598842,1
C1124,68.15471261509079,59.41048032990248,70.20264916883636,14.631762939499268,7.6520250276235044,4.406205880813859,45.19313382398834,0,-0.6100988660571137,1
C1125,70.46334722136635,55.12534387740081,63.37100908665683,26.207764317111643,9.032477380568386,3.4216458476577074,46.54171662979368,0,2.2996640696148387,0
C1126,76.88334034695043,79.46272528049919,78.38406175701972,31.363828036689625,20.820973637916396,4.7743573378217645,53.60053055320451,0,-0.08973076991161853,1
C1127,41.903794013215105,50.319337247760075,46.65599409452059,35.18529298590967,20.94200623387933,0.9763124625198698,40.12214015051162,0,1.5452321516965593,0
C1128,52.532740349987506,46.95548700176392,52.97764113545082,31.64461142605322,19.320271039222433,4.939626322365458,53.300968392109965,0,-0.19562233080768832,0
C1129,45.65235310217739,44.27990742471755,49.626587609658685,22.19009932923204,16.113528117523895,2.7848716678154943,46.924676650125534,0,0.25928764153490796,0
C1130,53.06701481869028,46.50508597968914,55.05135423197298,9.379927154064616,3.9985106450802044,8.486043502878264,63.399521261905846,0,-1.3213640716452693,0
C1131,44.67086612937077,33.60061687153584,42.55077706219372,24.144715683113294,21.116588124718675,4.631239873546058,47.30692015969127,0,-0.44707259186786463,0
C1132,69.28855762772324,60.88398872250995,66.75361793113207,20.697995605438784,11.368372875504765,8.627461687897712,64.32634029881201,0,0.21053467078924676,0
C1133,55.466824534051945,48.786365096036164,55.69786438635686,31.547576197961863,21.253811001105515,3.5708395111558078,42.92258163780081,0,1.5860038309598667,0
C1134,45.31253990110731,39.95253492832538,42.587273077514055,30.61938912705795,25.559583273373427,4.308102194946146,51.97522081612054,1,0.22198277767627117,0
C1135,51.2855742995729,38.44338579175067,47.72960224228291,32.74677951918766,17.894103285671754,4.652698736914969,52.66464437717252,0,1.3837203611929991,0
C1136,68.07107143909221,55.08724064126092,63.322178464872636,34.21799202357452,28.045120128184934,2.2731832008890955,36.95276331109266,0,0.6407291102029202,1
C1137,71.64575903610974,63.97577406015514,67.10189999038751,41.33211719302628,17.996389861102386,4.256718660741373,52.05431026960731,0,1.6274013394646858,1
C1138,88.05105683655853,76.4321473080536,82.71345323060727,27.289659264263204,22.85135453161474,5.7757747540530655,61.986598420528864,0,-0.059042217305055426,1
C1139,89.32395430816578,85.80851249504136,96.08719024349112,25.177146611880147,13.309132239984146,1.866854588195727,46.56946048506457,0,2.390222710651804,1
C1140,64.01919355342658,53.86213839613181,64.30828719924882,24.051296595325656,19.23568208132554,0.7087541476894773,41.91387979506221,0,-0.485396202914123,1
C1141,45.52452679064735,48.523361720223605,48.48613423727447,29.600603411724943,19.455962461032424,3.196518687497196,47.21578204587228,1,-0.766461834197669,0
C1142,34.77312221460647,30.478690406279508,33.02475920124903,37.12990569670153,24.931018446709118,2.2811472911625996,43.432936487569684,0,-1.2100528496890341,0
C1143,61.49818989053582,60.208546281867584,64.65124303048526,17.548585122706275,16.535421519094037,2.5212745809733823,47.153798250691075,0,2.3310246715580702,1
C1144,49.74623333042689,46.82803434042397,50.100679196221414,35.11664251300901,21.445007517950884,2.7371661147854165,49.046404840188806,0,0.8194475726178976,0
C1145,60.662237518455925,45.340877401891355,55.30575327432731,35.48491951377364,19.594410062083682,0.8229939283458633,36.01181576786162,0,-0.33412073338030845,0
C1146,52.14567902202117,47.61424119107716,54.98061820316399,27.245909467900585,19.89236995321536,0.9196048481651399,37.39604837546299,0,1.249022696873495,1
C1147,59.55188631457402,55.05354610409122,59.82694946359278,37.675383763414615,25.54079145840901,5.543415642371984,56.4004109145953,0,0.687692185117782,0
C1148,72.09495477967901,68.11166382977483,72.48519714816466,18.15520380406835,4.757202402235034,5.140426374078265,49.95145913946679,0,1.9661274713755903,1
C1149,62.111722673214636,56.00653408467577,61.29136262447378,,13.314325795036664,-0.8521991524302874,29.47529453192299,0,-1.5478328327399113,1
C1150,58.114431996843955,59.54076719201733,57.77083694401621,15.818676066331502,8.917199486457712,6.054769840280399,58.72470050937998,0,-0.26536010831425455,0
C1151,48.91712716400974,48.67350555568812,48.0820532145668,2.228125426326553,2.744595297584055,3.467178181681154,50.07365720339357,0,-0.46252138394282544,0
C1152,43.399727270189246,37.22655408735742,39.79858052929685,27.13784735633848,15.566219008578141,1.2853429113906574,46.58686776588683,0,-1.9736826764086015,0
C1153,59.10648708393002,,53.769060946116554,35.54279755890633,30.335797347006736,2.9491690246568507,37.1793837400531,0,1.060327204779694,1
C1154,60.28346963590765,62.19734843256954,60.82179064088919,23.670192063386754,13.984742911258365,4.748136012695371,59.9584429787791,0,-0.2703965558033584,0
C1155,82.9837996210654,80.52123753893093,81.10094907118076,32.08870749664559,23.69410125275903,3.654757173652217,59.42672761266315,0,0.7396312049865622,1
C1156,58.11070073011793,51.390745691438866,63.86288335071195,36.379018546461616,21.945008993261233,8.726105644151595,68.69456659755842,0,2.3597719343296117,1
C1157,71.52924390502983,61.12126266560198,71.88361669602887,38.507784533679434,29.945622400559714,4.750184784072486,46.78387831737727,0,-0.3532436918276083,1
C1158,56.82932121218094,55.94671916154388,55.7937712117549,31.872061146625715,24.241282939743215,3.8728997760807378,51.45740633036165,0,-0.4211529826571552,0
C1159,48.378580718247164,38.917438132479205,46.13799422570633,35.475157471259806,30.941106800387704,3.36117092106977,52.36020196199939,0,0.11866416972399602,0
C1160,49.05342805159668,40.058667844509564,49.38155942646098,34.926274411767906,21.156761844658142,6.862927452051686,58.19343729868206,0,0.9872473529834096,0
C1161,53.95646910427482,45.80296283184628,50.572676174053235,17.71006955690669,12.45686402679854,4.44417679366451,55.747422406010315,0,-0.5667130253101499,0
C1162,87.01393691620342,77.96560416224999,84.68787756663455,22.593991548989063,15.932339136074516,5.109777532764219,63.03980513638608,0,-0.6309615971321306,1
C1163,53.74427862408533,46.376546381311755,50.603065804322355,25.84749267574618,8.880055965834817,3.8999477836252225,,0,1.0571892702413659,0
C1164,70.92994791570746,60.78263755574108,71.05042368730145,,11.425133200070366,3.621481966050112,50.16991577880171,0,0.37863932383803556,0
C1165,48.09777891624258,43.27387837223171,49.20513036495615,27.526282465386327,16.624256337054387,2.421275037527378,48.92544566264512,1,-2.0447282630048207,0
C1166,72.18639992528999,61.46638187109161,69.89248281940722,,26.22023861752953,3.9994364262310604,60.89151512764279,0,-1.2253917994691081,1
C1167,55.82762846571203,55.331471146422864,63.25915322698103,41.6490694225283,29.743737612569962,6.252125524154901,63.06338377409262,0,1.5012358638272103,1
C1168,59.26900243725806,62.56015253252334,56.69320882591667,19.23564913532647,7.905883930306667,3.027614576852127,49.04505425928746,0,0.4019282830788125,0
C1169,48.56561121073044,55.78241902338788,57.74322757343541,33.29271267543775,18.669061965042907,4.316124634297637,45.68042895839791,0,-0.762195931037249,1
C1170,46.97215743263106,51.99915926332505,52.2520330142944,21.312164768235874,13.888367504163947,3.5915724728699416,,0,,0
C1171,66.70817222060792,57.50441214234511,66.477910339493,33.674246651368875,24.958849405143596,3.4239571184627238,53.15421092115371,0,0.013236672801670204,1
C1172,55.97278624771102,49.70633848784801,54.52678244898583,28.09380635567773,19.777374777895467,6.579251966174678,58.26504325408718,0,0.7357333602801638,0
C1173,41.805444494373226,39.8897264368461,43.032316077455164,9.584838450659706,10.079170697253286,-2.884821921360014,34.40042337263476,0,-1.3582633948587894,0
C1174,42.52844298252776,31.613790917127,44.47398864783002,35.36033296390455,26.76168185222157,3.3803760741051105,,0,-0.8409491386704581,0
C1175,66.18267797850783,51.21384206982973,61.90825601603282,28.81849051347754,16.94102782243615,1.252716759870671,41.981122375548544,0,0.27295575486338886,0
C1176,77.49700468220719,63.548437844182764,81.04509382715065,20.255460902807094,17.174210608297805,-0.30871653131535515,31.470100578658045,0,-0.09983458049545033,1
C1177,68.64866030009021,47.60078102392795,60.462761449961704,20.683758663525367,12.237113062717548,2.3194062608731363,46.59887449835271,0,0.5718591826367099,0
C1178,58.57058052715237,49.032180841708765,58.185662484082215,21.48671807141618,13.82755157879817,3.2542741597719926,44.344471296070864,0,-1.2295073973595978,0
C1179,64.65402220587431,63.15808411355195,65.13576635577508,33.86852524315179,29.637690932240154,4.14871507185588,43.25674328465798,0,0.3571286762713211,1
C1180,80.52264409597772,67.88227274625083,76.12199924182845,26.931512548241482,17.31943667388464,3.8486412915905466,58.25799376355365,0,1.0915836193774722,1
C1181,63.02567136494654,62.35608006292326,63.195903089882705,38.538870678158524,20.303000882616058,2.7250994504626043,53.38639616858851,0,0.4868185471492834,1
C1182,52.06184128792275,52.53465799926613,55.183457667019034,34.92170744819177,23.835482447852225,2.0765776888109726,41.1120996522809,0,0.13911173976159188,1
C1183,72.94628216563581,69.19312240345953,73.60540805937593,35.31808058111649,30.00019483458218,3.691111031453155,,0,-0.09588360256597088,1
C1184,65.03824505296909,55.683976403397835,65.9226867918179,29.94262283953976,13.386122301118363,6.57595797263947,64.07253562779843,0,-0.8348511527715018,0
C1185,74.33484694734722,72.45336373673061,77.61958558505914,15.086530040185893,13.030030045771092,2.8374489234398954,44.23950700051914,0,,1
C1186,61.4313170326404,59.747201308516445,63.076871825571075,36.22979384706573,27.18797318995138,2.787301968586782,42.50536235219001,0,,1
C1187,43.07979533736169,40.44872051386023,43.933368602468455,28.603370703650448,14.346789509672055,4.902822975993982,53.354138465947585,0,-0.11902850660012523,0
C1188,46.35516288061432,43.556569490008016,43.910457581883556,36.94974987769847,31.36849945510326,1.7105907574179187,51.4747668635288,0,-0.8898039893484101,1
C1189,79.91497080933075,,79.98987615006132,36.638440170751586,24.560666507065754,4.8394881325641315,53.55392732499721,0,-0.4922470887653863,1
C1190,79.83560140195685,70.03844672331263,80.06769556120746,25.852859512319657,15.288411312732844,4.389074564548362,53.33559493918559,0,0.20085029727593015,1
C1191,57.527223648741064,48.71373413809001,57.82308416528314,30.31442094200491,27.772979779097238,4.312880043628656,57.239895041889305,0,-0.37351399718084694,1
C1192,56.07111820158664,46.431613461047036,54.779211993702596,42.98261690681796,35.63348002598267,2.5611185020402947,42.45342086413692,0,0.4853032830631407,1
C1193,79.38777410597577,69.96046509010787,76.46563018004468,44.35328923900987,34.50827535650113,4.884223995690769,50.33986720970065,0,0.5228437607490304,1
C1194,43.716315129470004,45.23758265472238,46.3618370738645,34.95181530325348,25.25632436279479,3.7054869475695287,,0,0.8889831804046482,0
C1195,46.13851287466626,42.88262648861007,48.159287137158415,33.79670992097782,21.599227504708452,-1.4955617145206572,43.40979296779475,0,1.4235594722650329,0
C1196,71.03395918247612,61.53960931219484,68.04271900036177,45.44969707577937,27.449431876952605,-0.40504425844918024,34.896147920744994,0,0.9958587243723608,1
C1197,54.027727909070734,53.336096915958045,54.11465303153256,32.30528855345824,12.099472422562602,7.2576872291054055,50.62021690170667,0,-0.9342390641479599,0
C1198,55.688011321568524,57.42154419146049,60.650514622350194,28.541694853216686,24.077043926249022,2.751557442535666,49.035701310933604,0,-0.9035344465762722,1
C1199,59.37012334585516,59.57309149524483,56.85720614977703,30.074773725678302,21.248768966294943,-0.02870378642365501,43.71547273102281,0,-0.07577147645982442,1
C1200,65.44100400368526,63.48366881678151,63.4845996700062,27.806464425086695,22.24139789987201,5.0428895144636074,50.67129196214864,0,-0.4511753572394145,1
C1201,72.29763656399449,65.06965288211099,76.26517892754943,20.222625841411684,11.796459296751351,6.269393306242278,60.24733596764854,0,-1.1383267269609427,1
C1202,61.77546402921177,62.64019390716955,62.41216561169579,14.76313001250557,9.262817109335439,0.5434647982138796,30.792476102011975,0,-0.44169179417299426,0
C1203,69.93401479660741,59.31548191454572,68.05755546493889,9.187513015516569,5.279719590774544,1.2836812954127126,40.38933859392996,0,-0.474512933619039,0
C1204,36.52109414274652,38.67777023950748,35.18620098508334,16.853378004489482,8.177888252870142,2.6127862524216336,42.48023408457424,0,-0.6718477397612058,0
C1205,61.31132362812277,54.784762484903176,59.91409861790831,25.753460206404316,12.373835951452111,7.285366981155174,60.2280902513171,0,-0.3157894861550056,0
C1206,45.668429462213304,44.91909978324342,47.77404440915586,22.78759363326428,19.643119029887973,5.262662277759593,51.32502192658817,0,1.178450850318331,0
C1207,46.36736373990505,35.58108195666399,45.33110968527556,48.86635713598666,25.75495319185155,7.812064929478552,62.20045702001731,0,0.19923804124923924,0
C1208,48.55431231844365,45.5322182898471,51.45968577465975,35.17693280958833,28.35818517023487,2.690684497706727,35.673784400853854,0,2.4718090760554694,1
C1209,54.54214823541632,45.421232651769444,56.122865217992924,33.541546949652556,11.831113012347135,0.1805889316134126,42.543077310723184,0,0.17050818601964934,1
C1210,73.60249733653133,68.02822236693123,71.05874367744148,30.97612981575007,26.358698987796426,5.342288948724325,48.545178450910534,0,-0.29006577393725175,1
C1211,48.52111091914792,47.80324345116135,44.631415766767425,27.03144467686561,15.670047718086096,5.258029429974111,50.14149463251466,0,0.004132882654866092,0
C1212,65.75068807493409,52.118670968757414,61.263183154447354,22.5437245578151,19.98790577647502,6.300178444264398,53.08902809545045,0,0.25649197844354,0
C1213,58.134390414514776,51.3661886367413,52.1925001071072,38.30697222783361,20.1065380221943,3.198053035083996,42.24354718253275,0,0.43525395717106363,0
C1214,55.73872032276592,48.82170296834849,54.38559638586544,39.431371659014815,24.675442279286184,5.721231898097382,53.39226258293831,0,2.0767113258590237,0
C1215,73.09125439273427,62.51363933249888,72.24338519474139,28.473595611872327,19.835700205572046,5.243980569361423,50.12483849266428,0,-0.8453204649775686,1
C1216,68.75785385939984,63.47913318550075,65.7425086821496,33.123602066756604,26.05929358016677,8.128052215139581,49.92452008499567,0,0.8590460581777356,1
C1217,76.4123111372113,68.21982802705378,77.36080255153284,21.707161701759247,14.996097070498383,4.86401482764043,58.974770527878526,0,0.20775059761412384,0
C1218,58.53822441273583,60.413535375225045,57.83075745911597,25.564988314829126,17.06327980521643,0.252855434816035,41.346042578832645,0,-1.5710977425706176,0
C1219,54.1199480555801,46.11164396848129,49.71415792423844,56.630810866660106,39.067494613845966,-0.800656159141665,36.49222458416287,0,0.7706987820947633,1
C1220,57.13584625935621,56.75875716109296,56.045680280590005,35.021416868414896,24.329477366740484,5.5132686452642385,59.09083250316647,0,1.2676235608039048,0
C1221,60.72210068613367,57.814621564543344,60.16028547562408,41.847472206800326,32.01261402161421,5.48542943676027,59.63997516182684,0,-0.8571764037774298,1
C1222,60.875461103936956,59.94884562351404,61.88475476416162,20.986658772396375,26.38997587741869,-0.803921544700418,45.81948570658069,0,-0.008933867891970693,1
C1223,48.889074266400826,42.36748864834655,46.79895900593522,30.712552848002254,21.775121715376596,-0.15437028681439136,40.168467503655265,0,-1.7253542620077036,1
C1224,61.09485725313436,55.70666246607241,60.66141466975259,32.29677897125796,15.465069885205395,4.567427701714307,54.19298467668448,0,-1.2588064596843365,0
C1225,63.75936989227187,56.82028778419331,63.817619000696595,33.48827411757899,15.82414160636521,5.368454607195148,54.62209300411483,0,1.0480295776172526,0
C1226,92.21992617701362,76.83051191595607,91.40820828692374,28.200820072165172,16.524950922567374,9.530570228397739,64.98479073911928,0,-0.4664165060074345,1
C1227,81.39761094668721,76.41677225114371,82.35174691202393,27.074358862694606,24.505878315511005,5.045970956918764,55.4489290096859,0,-1.1088029749380393,1
C1228,52.029824284183576,49.06856251672526,47.626386125817305,24.393911713765473,14.346009654641872,4.547595662012745,41.59741552056275,0,0.22946036445842968,0
C1229,57.68792747178507,54.500385164130506,57.16868124190215,39.386742756439155,21.290225506872613,2.475159169560243,44.26303700618342,0,-0.5224124314310232,1
C1230,38.73425671722153,46.513442597300546,42.994056206464535,32.048953773238296,29.89761091110855,4.849309893234567,56.910585811303406,0,-0.4708216577755361,0
C1231,57.23843020599689,54.89030906531035,53.22090740259511,32.9006331964049,18.89160551770899,3.68071214616305,49.52569086632032,0,0.7393260256749032,0
C1232,62.28502581181334,56.656271276506864,64.76873979239221,28.805379724788292,21.473107612240856,3.338648820445931,46.299695998494734,1,-1.1617333589343466,1
C1233,69.50495742110324,68.55074548261905,73.30541535419776,32.42866629508263,31.750074324580467,8.153450651858973,66.93878939729241,0,-0.9053652126818322,1
C1234,48.11586281831779,45.21475886553106,53.25974933326183,20.121968134023895,18.93864205088976,8.066457512233047,64.06169224462558,0,0.15407999214886864,0
C1235,49.08710723715148,48.551956863780255,51.19081496604458,36.18158456342628,28.298154285229273,6.6384303007609,60.23220363868635,1,0.9694097907482053,0
C1236,34.38905159910874,31.128111906137992,34.981754570336996,14.039529605258915,5.701578103807456,1.870013746254426,40.18571687357368,0,1.2381603014898497,0
C1237,57.22645743682239,59.85362203109513,56.36066125904775,26.722851436859813,12.220108459909026,6.115020967519234,53.948829032675064,0,-0.665061720361623,0
C1238,46.24053115476347,,46.32076237041519,11.81961833730774,4.256157945041349,7.513639065193486,58.91592494749131,0,0.9373769669196479,0
C1239,55.50583276805455,48.833489213921574,55.16309551833245,16.267464745216493,6.255888465113316,4.614694306312663,57.657392022231974,0,-0.7841422934704089,0
C1240,50.49729674556705,51.00586650574962,49.21677083898809,40.75207270912336,25.206021879452315,6.918795426940802,57.02400318958817,0,1.8262093469068,0
C1241,59.81699296090217,45.374912818292785,59.70877195410211,38.93129827565233,31.43337469978875,6.528521236591998,57.986965556551816,0,-1.1337710254197284,0
C1242,40.1367446757065,29.36630570697253,39.14421469243967,23.026451082295008,15.782225921083786,6.620281753552952,55.65923396361662,0,1.328478810791731,0
C1243,44.24386105931483,43.51290216696919,42.29049889930794,16.341376638200817,10.621538549555671,5.285528984463785,56.11467599044897,0,-0.6564861068187239,0
C1244,79.22710531900725,76.53434491275246,86.91481566927226,6.653185450284623,-1.6787689604803067,2.2981941130468497,54.10698718232204,1,2.0132464547946003,0
C1245,43.457614267918245,43.127559388302735,44.31427020005973,17.968372232958195,15.67691819714125,0.9494805592200993,38.714162366659494,0,0.5913207288524843,0
C1246,40.2979428650759,,45.057834950980855,51.27146060688505,39.83655713244982,1.9477678961980613,50.917123224874025,0,-1.016016529408222,1
C1247,82.15114212024915,73.27620043981167,81.23972224790406,33.476821783217346,22.947178544159886,4.357553313242981,49.780950315112804,0,-0.5222384795425068,1
C1248,94.84690711421183,92.06470933400944,95.41199775958657,25.68219581799433,17.675075811727773,1.6097919559132197,40.68951085815961,0,0.7811812052237417,1
C1249,49.07779727846494,46.581132190930035,46.33670956045841,37.56357890638031,22.667548572967096,8.363307258473636,,0,1.0526444176155614,0
C1250,59.14391569670699,51.996336612690946,54.01395426830819,9.701071055851465,8.046832856842759,6.555879543590356,61.332174952473885,0,-0.07071559172446261,0
C1251,64.70699175604322,56.65933986898534,63.37432409187792,19.726077618983062,13.697993964310966,5.165933727291169,67.3497418344794,0,0.044658280963466405,0
C1252,79.24328850067641,70.70868503657834,80.16265038366487,31.891035165419986,14.763095124008784,4.7711812178529165,53.45118210446189,0,0.7583530326440655,1
C1253,49.61319839649836,36.61463765891755,47.79224546474693,29.28272736491755,18.612609734053454,6.6676468019491715,62.94399324365655,0,0.13179842701081995,0
C1254,55.47291293672174,53.57778322426355,55.680752260093136,37.00715674628837,25.705132927810265,3.532565535046485,45.27186801117998,0,-1.2935048593383758,1
C1255,69.32387295841089,66.15530819454486,68.69967980462145,30.908653509198633,18.554126473525994,4.490255834528322,49.15427214594494,0,-0.8129740246401806,1
C1256,68.17560184448172,53.04518343598372,64.4885824083399,38.004022841823705,24.57485753165208,4.5804931511082945,44.965880100060325,0,0.23511994315166507,1
C1257,53.81281310727054,48.592771718471745,56.25766040500073,28.223577114118406,15.34265171335619,5.628508156366738,54.03660379086853,0,1.2154824164976936,0
C1258,60.81116034353501,49.0319118259059,59.20324573679775,39.11845244309049,19.8166838406957,5.170270462712153,44.74174822290856,0,1.6159824241620477,0
C1259,45.53345440563713,37.38963713706513,43.3554398414714,41.988181747373595,28.657184654929434,2.238632657884427,,0,0.7795294207714503,1
