wafer_id,timestamp,temperature,temperature_backup,pressure,pressure_scaled,vibration,speed,country_code,constant_sensor,near_constant_sensor,legacy_sensor,maintenance_note_score,defect
W00001,2026-01-01 00:00:00,71.52358539877216,72.59249632286479,40.45544891925564,406.21371955363213,9.881434707948136,1154.6964067535196,DE,1.0,0,,,1
W00002,2026-01-01 01:00:00,64.80007946879752,65.56337888927712,38.580739927886746,386.5541400748926,8.541426127252677,1150.0317273427856,DE,1.0,0,,,0
W00003,2026-01-01 02:00:00,73.75225597903228,75.57450895737301,,324.2467957364729,9.171053868328283,1306.011738309987,DE,1.0,0,40.44688491180192,,1
W00004,2026-01-01 03:00:00,74.70282358195607,76.39836358583119,28.989986175836414,291.3532220761094,11.267820755467485,1226.4231956493275,DE,1.0,0,,,0
W00005,2026-01-01 04:00:00,60.24482405673082,60.32588729977718,23.141884648633393,235.07202204868733,10.005986582399911,1183.0612957964483,DE,1.0,0,,,0
W00006,2026-01-01 05:00:00,63.48910246568841,65.65702711865318,32.82601796826946,331.01845071263557,10.680419953736676,1239.897555285578,DE,1.0,0,,,0
W00007,2026-01-01 06:00:00,70.63920201583643,71.9766303958725,44.68166004898961,451.381701848107,11.34015848440438,1031.4246122136249,DE,1.0,0,,,1
W00008,2026-01-01 07:00:00,68.41878703828209,68.89841790287515,,368.47175911026466,9.25031707420478,1196.5493128287274,DE,1.0,0,,,0
W00009,2026-01-01 08:00:00,69.91599421247855,72.26534138821123,32.76171085580204,330.3328867625023,11.512496327259612,1359.801134224381,DE,1.0,0,60.79315656432121,,1
W00010,2026-01-01 09:00:00,65.7347803621321,67.55001642665167,36.86032083800122,367.6818271607549,10.757685206916788,1210.5877205122138,DE,1.0,0,47.68553202311209,,0
W00011,2026-01-01 10:00:00,74.39698987431414,74.8732960782421,28.75616658802223,285.7572834455453,7.530373826177042,1205.4330535335469,DE,1.0,0,,,0
W00012,2026-01-01 11:00:00,73.88895967714474,76.78848514289382,,343.2273684133514,12.884609582372489,1243.8502703713757,DE,1.0,0,,,1
W00013,2026-01-01 12:00:00,70.33015348780609,72.26379445225515,35.397909892062955,354.6277129495976,8.998510512486167,1271.6484194651475,DE,1.0,0,,,0
W00014,2026-01-01 13:00:00,75.63620603484017,77.14077326303693,34.655597392715805,348.97061562474516,6.689809313629633,1040.2026645688113,DE,1.0,0,,,0
W00015,2026-01-01 14:00:00,72.33754671126023,75.05647268998287,38.16322448676032,382.0034649108374,7.909912580827395,1065.413881456718,DE,1.0,0,,4.264736738239668,1
W00016,2026-01-01 15:00:00,65.70353768558381,67.14504666635919,36.37858090494421,362.0262620966822,7.957909678643356,1216.8233032868918,DE,1.0,0,,,0
W00017,2026-01-01 16:00:00,71.8437539204125,73.25816253873752,37.67330407243199,376.7659894020671,10.104346637315066,1142.8098750481993,DE,1.0,0,66.4811216182388,5.3234650509506105,0
W00018,2026-01-01 17:00:00,65.205586995855,65.98145864295451,32.246510871076964,326.7730907640728,9.452298988907526,1304.962020977593,DE,1.0,0,,,0
W00019,2026-01-01 18:00:00,74.39225150653637,76.34557688811276,38.59126163364219,387.5783365592602,9.326336064718815,1174.7860488091821,DE,1.0,0,,,1
W00020,2026-01-01 19:00:00,69.75037044506874,71.5266602278293,41.515747790495965,410.0230584257683,11.239403930964958,1045.2375411429505,DE,1.0,0,,,1
W00021,2026-01-01 20:00:00,69.0756881822737,70.46894605783093,,310.548285844215,,1098.5588866524802,DE,1.0,0,,,0
W00022,2026-01-01 21:00:00,66.5953522779803,67.29527024044582,31.44921737714176,319.8390551495317,10.632095741288573,980.0259184295539,DE,1.0,0,55.10707949213514,,0
W00023,2026-01-01 22:00:00,76.11270669337016,77.73890471057042,40.34313734528093,402.7899828672594,10.819656914657385,1181.269957017367,DE,1.0,0,,,1
W00024,2026-01-01 23:00:00,69.227352589656,70.5560606128394,34.23462405321976,336.9448044569951,11.232269336004476,1184.9292698188494,DE,1.0,0,,,0
W00025,2026-01-02 00:00:00,67.85836088918447,68.14874865198081,40.61528556826623,411.83200233892995,5.784093316445114,1166.0429832174482,DE,1.0,0,,,0
W00026,2026-01-02 01:00:00,68.23933224755885,68.42666901145068,,334.34574905375104,9.271123495471077,1286.310323122379,DE,1.0,0,53.567562903083584,,0
W00027,2026-01-02 02:00:00,72.66154592776674,74.5668995493699,40.820182305082845,407.99178447439004,5.639579871021052,1295.8815869213354,DE,1.0,0,,,0
W00028,2026-01-02 03:00:00,71.82722032182039,71.18225407621546,35.525943267221805,354.14517946397183,10.072119853595591,1186.3689261315112,DE,1.0,0,,,0
W00029,2026-01-02 04:00:00,72.06366305797994,73.66926474070854,36.03291529329078,363.576208722283,,1029.2245066018515,DE,1.0,0,49.399077522448685,,1
W00030,2026-01-02 05:00:00,72.15410501503942,73.21472066913715,,410.9627706661176,12.091064549579361,1249.3825264393806,DE,1.0,0,50.12578502351833,,1
W00031,2026-01-02 06:00:00,80.70823800435231,83.36900004994328,33.552918090223315,338.97395017578117,12.375268785442241,1244.428818280686,DE,1.0,0,,4.0829174477896935,1
W00032,2026-01-02 07:00:00,67.96792491807692,68.93250884911537,31.235511616300165,313.9817020201744,10.405550096504735,1224.7513256125555,DE,1.0,0,42.72632259340868,,0
W00033,2026-01-02 08:00:00,67.43878635464232,69.31514945313668,33.20574316788658,332.7914774553278,8.999277845206201,1278.5183799446493,DE,1.0,0,,,0
W00034,2026-01-02 09:00:00,65.93113635876061,66.93222801294559,36.809335802572555,368.5299024417323,10.970322225091476,1106.8137522831169,DE,1.0,0,,,0
W00035,2026-01-02 10:00:00,73.07989711287748,74.63249357792394,,286.84473300263693,8.944164725351373,1360.7004308948112,DE,1.0,0,34.14396625399745,,0
W00036,2026-01-02 11:00:00,75.64486146360446,77.74722791761258,37.54988361060449,378.6357564666727,9.997214697113302,1123.2457797486506,DE,1.0,0,,,1
W00037,2026-01-02 12:00:00,69.43026271172562,70.44882339290048,32.84491472952903,325.8531187989848,11.972272633921536,1259.9378341760685,DE,1.0,0,,,0
W00038,2026-01-02 13:00:00,65.79921761518736,67.91244587508983,39.591250642934256,391.04673104885194,8.884457308021153,1065.0121844469318,DE,1.0,0,53.84723314585234,,1
W00039,2026-01-02 14:00:00,65.8775939215438,66.4001874982895,25.422958780398112,256.0729081726586,11.611357278485002,1125.578825018396,DE,1.0,0,36.76411698598611,,0
W00040,2026-01-02 15:00:00,73.2529639391235,74.95369749195268,,320.4310839800347,11.354802737384604,1321.309491738027,DE,1.0,0,34.596456241515895,,1
W00041,2026-01-02 16:00:00,73.71627085601722,75.92870805136783,28.25412739506359,283.9819974081712,8.090416365738356,1179.128014159932,DE,1.0,0,,,0
W00042,2026-01-02 17:00:00,72.71577134152598,74.69811676178877,31.69508213454419,318.17400645429603,11.947788256434801,1267.193808410624,DE,1.0,0,65.61186533176482,,0
W00043,2026-01-02 18:00:00,66.67245146355653,69.53905639421599,35.990663604435774,358.9450149093451,11.39713269074301,1218.9564310975397,DE,1.0,0,,,0
W00044,2026-01-02 19:00:00,71.1608066153336,71.97327129379175,34.283093498200984,345.1933830951664,10.203851774745315,1191.603347519986,DE,1.0,0,,,0
W00045,2026-01-02 20:00:00,70.58342904570364,70.89177822553884,33.98648972420794,339.7282228618158,8.475353083944695,1309.1080259946152,DE,1.0,0,,4.862117811057764,0
W00046,2026-01-02 21:00:00,71.09344298364506,71.71984375652187,34.363260514479755,342.171264462352,8.28158796284886,1181.067294027848,DE,1.0,0,54.71250457845893,,0
W00047,2026-01-02 22:00:00,74.35714388974095,76.37264082077452,35.813552962479775,357.19985568803156,8.924674846193955,1057.5409513949223,DE,1.0,0,36.64279490695431,,0
W00048,2026-01-02 23:00:00,71.11797774387341,72.93867564616639,30.965855832227568,315.72047741860314,11.08518892658392,1135.7407926438636,DE,1.0,0,,,0
W00049,2026-01-03 00:00:00,73.39456781535948,74.9442644993846,37.827398563596205,373.06905738982573,8.088749665197204,1244.0953382961357,DE,1.0,0,,,0
W00050,2026-01-03 01:00:00,70.33789534744446,70.84628761510766,37.65066388154194,378.00600312830676,10.875024497239739,1231.6407285090006,DE,1.0,0,,,0
W00051,2026-01-03 02:00:00,71.44559699344993,73.48800276798217,36.5401517506244,360.3641862233729,7.516488942243215,1074.6353399811649,DE,1.0,0,,,0
W00052,2026-01-03 03:00:00,73.1564411291927,73.63980612965612,37.22613377100505,371.9366376950816,9.591862831122302,1142.0525984473438,DE,1.0,0,,,0
W00053,2026-01-03 04:00:00,62.71422090072167,64.89566498463762,36.185672003234636,360.5558375768838,10.219295509148017,1153.4622920638203,DE,1.0,0,,,1
W00054,2026-01-03 05:00:00,68.4016439182135,72.05562753508966,43.14029321092427,425.147847219203,14.890260290117833,1170.762432470862,DE,1.0,0,,,1
W00055,2026-01-03 06:00:00,67.64813672853602,69.29426038036398,34.65162331578996,347.68334592920087,7.245368688959266,1089.926912911876,DE,1.0,0,54.04545193086157,,0
W00056,2026-01-03 07:00:00,66.80561075878329,68.60820948248514,33.77166712666169,336.57655708004035,12.944029132980267,1149.7303113504418,DE,1.0,0,,,0
W00057,2026-01-03 08:00:00,68.62428874386659,69.60248670362748,31.985889678570487,313.56127775802116,10.29968482797456,1141.7111611792377,DE,1.0,0,43.50940246958721,,0
W00058,2026-01-03 09:00:00,77.47470655617198,77.57603003042597,30.870949317688652,311.22819744920923,10.822343836031926,1261.7226607809534,DE,1.0,0,,,0
W00059,2026-01-03 10:00:00,65.67084442153379,66.50208581954028,30.0221128495957,304.52614702992383,,1264.7297048792195,DE,1.0,0,,,0
W00060,2026-01-03 11:00:00,74.84139177295741,75.46390341553756,31.444810747076325,318.918480497653,,1188.3351633528948,DE,1.0,0,,,1
W00061,2026-01-03 12:00:00,61.58565114192098,61.65976050362738,34.717278473391715,348.2496540558716,9.692629791275964,1168.6368163303414,DE,1.0,0,,,0
W00062,2026-01-03 13:00:00,68.32557485007112,71.06997430066906,36.33718051399086,363.5099795556399,12.908100362914917,1211.193944963129,DE,1.0,0,,5.690557318274253,0
W00063,2026-01-03 14:00:00,70.81376532552503,72.44833064645614,,356.0301522047738,9.087057711550555,1134.673991403554,DE,1.0,0,,6.057834768128907,0
W00064,2026-01-03 15:00:00,72.93111165679639,74.6934839544235,31.93785889028115,324.4257396588318,12.264469144358495,1108.2534334266047,DE,1.0,0,,,0
W00065,2026-01-03 16:00:00,73.55613289896428,74.78003766478658,38.60073825607985,389.4080886694254,8.711265759573955,1124.7823032859426,DE,1.0,0,,,0
W00066,2026-01-03 17:00:00,73.96673617599963,75.30777403356488,37.95765068920379,376.75189408534845,9.879496307197426,1149.2149468822834,DE,1.0,0,,,0
W00067,2026-01-03 18:00:00,68.25637463875782,70.39314267732445,34.36140677031193,344.2181022627641,7.856074895419562,1106.9220960166183,DE,1.0,0,,,0
W00068,2026-01-03 19:00:00,67.68824103667717,69.01613616245454,32.388335421341154,325.2019026462858,10.91004744069504,1212.96476472503,DE,1.0,0,,,0
W00069,2026-01-03 20:00:00,74.28987940628576,76.20023214483128,37.1937116833192,366.50826592644034,12.890251913853067,1258.3772539026966,DE,1.0,0,,,1
W00070,2026-01-03 21:00:00,69.04347837559193,70.26754450482775,35.751894349944415,358.92702547830646,9.845287640358292,1073.0321359361405,DE,1.0,0,,,1
W00071,2026-01-03 22:00:00,63.62156838331039,64.62027743839097,29.20749096233981,298.8938851013363,9.60622860259218,1202.0102968972826,DE,1.0,0,,,0
W00072,2026-01-03 23:00:00,64.3335639299826,64.49470387610077,34.72807897606238,349.2005982580261,7.770766073864147,1182.4051363786932,DE,1.0,1,,,1
W00073,2026-01-04 00:00:00,65.40273856999194,65.12859409149807,36.04814324829752,364.9016717273005,9.541414692895383,1227.3206948429442,DE,1.0,0,,,0
W00074,2026-01-04 01:00:00,72.48580372026882,73.72627027382107,31.401220854048987,314.56095273087595,6.814411480556945,1198.9648985517128,DE,1.0,0,37.43945207131962,,0
W00075,2026-01-04 02:00:00,70.71212868035282,72.17156860755446,35.75937357134977,357.37408074154627,8.174244026562345,1083.7120576054695,DE,1.0,0,,,0
W00076,2026-01-04 03:00:00,73.45242677033885,73.8925712763786,29.18071005896884,292.9509147599313,10.453572092218272,1099.0088560914269,DE,1.0,0,,,0
W00077,2026-01-04 04:00:00,67.86373676831732,69.19343161165597,40.34474440004868,400.99996405653354,12.638026395482793,1202.353886046798,DE,1.0,0,,,1
W00078,2026-01-04 05:00:00,70.79269845538357,72.25155447488365,39.991799940237726,397.0266738406741,15.618421722459006,1282.3024735796407,DE,1.0,0,,,1
W00079,2026-01-04 06:00:00,73.12795196983669,72.86570460438593,33.98993066278814,343.6982202993895,8.826829829858198,1022.8650103165597,DE,1.0,0,,,0
W00080,2026-01-04 07:00:00,68.45326730139881,69.09023291984319,36.45381735135629,368.6552005421625,12.870600313290879,1227.6581263841265,DE,1.0,0,54.90606902455888,,0
W00081,2026-01-04 08:00:00,72.28387618778706,74.05536482653118,25.360312136800502,250.62980242124297,10.487504960803296,1295.1697604230114,DE,1.0,0,,,0
W00082,2026-01-04 09:00:00,66.69037029466675,68.33382468407669,30.37460935893867,306.6500900030483,,1187.757929903503,DE,1.0,0,,,0
W00083,2026-01-04 10:00:00,68.18473076717464,68.62548544939833,33.82488431939148,337.98796326709675,10.865188903452305,1244.0161996821153,DE,1.0,0,,,0
W00084,2026-01-04 11:00:00,68.09131053000836,69.57989518100831,30.711467914292562,308.1341048663969,10.123832967359919,1143.7544735281758,DE,1.0,0,,,0
W00085,2026-01-04 12:00:00,64.0208017720548,66.11914358778427,37.85758593052263,379.95651522353154,10.220791451224438,1190.4507040578499,DE,1.0,0,,,0
W00086,2026-01-04 13:00:00,72.43486240392791,74.50521801919919,42.989186122991974,432.8749126342927,9.183333674346661,1070.3269185353479,DE,1.0,0,,,0
W00087,2026-01-04 14:00:00,67.65298829898639,68.92981943535496,,303.1835658284175,7.203780680402298,1012.4525353264901,DE,1.0,0,,,0
W00088,2026-01-04 15:00:00,70.06247059363844,71.08933895485177,,320.7319498224981,6.912749594955837,1275.421264098022,DE,1.0,0,53.396417667133505,,0
W00089,2026-01-04 16:00:00,72.40373329452954,73.34833237295253,35.94179347323972,360.346173251677,11.306489766562454,1121.2004057820448,DE,1.0,0,,,0
W00090,2026-01-04 17:00:00,72.23265588014972,74.05156482408044,41.44446459399848,416.3171987573934,9.446599819828574,1163.5577723997255,DE,1.0,1,55.575758428248164,,1
W00091,2026-01-04 18:00:00,73.32692554486393,74.94954723427551,30.110502749840386,298.6052397237921,8.807822200687667,1089.0846197383846,DE,1.0,0,,,0
W00092,2026-01-04 19:00:00,69.50757257745288,71.4012472338837,35.99614448922777,366.43742192439214,10.017011253446308,1087.2024237532898,DE,1.0,0,56.4501668931506,,1
W00093,2026-01-04 20:00:00,67.88350843977923,69.34667765907173,42.28519540325244,424.2614288021393,11.589864505831255,1186.0929839924306,DE,1.0,0,,,1
W00094,2026-01-04 21:00:00,69.60140894546801,71.64844828465532,28.39296340728293,286.0686263488646,10.360727886052796,1141.6338244691483,DE,1.0,0,,,0
W00095,2026-01-04 22:00:00,61.56332783020985,62.870268413180206,29.875723172616674,293.9326742925321,8.687890126718065,1230.2376798395758,DE,1.0,0,49.38334680793459,,0
W00096,2026-01-04 23:00:00,62.76443763788456,64.6474773635476,33.30557357415665,330.5876296723292,,1236.2030735183673,DE,1.0,0,,,0
W00097,2026-01-05 00:00:00,63.38650193822799,65.35089019328586,32.91764634857836,332.89011454953976,13.158371005963264,1225.6679717059685,DE,1.0,0,70.32337024710338,6.0444918940505685,0
W00098,2026-01-05 01:00:00,65.0137658619926,65.6704198750526,38.250405151014576,383.36472486502356,10.989113310645706,1219.0880632742756,DE,1.0,0,,,1
W00099,2026-01-05 02:00:00,71.99887113361719,71.99233331879293,35.96663887928335,353.9250495883467,11.94732702268818,1326.2214563945508,DE,1.0,0,,,0
W00100,2026-01-05 03:00:00,65.4726047231997,68.01685110247533,27.900151761431488,282.1163874012663,12.483919993627623,1114.5924984764092,DE,1.0,1,,,0
W00101,2026-01-05 04:00:00,68.10918722980306,69.67669795896893,,368.9850677029743,12.260198632809027,1195.6052107037665,DE,1.0,0,,,0
W00102,2026-01-05 05:00:00,76.49614148893033,76.65447560231205,32.6898444505774,331.1323954634041,11.228198354225247,1290.6151856415672,DE,1.0,0,49.504096921180604,,1
W00103,2026-01-05 06:00:00,68.21868014469287,69.01199814981176,40.097788867764955,400.7143816418385,11.196694094149766,1301.163184747043,DE,1.0,1,63.47323241613559,,1
W00104,2026-01-05 07:00:00,73.68757784233543,75.778828833078,,325.5106186005848,11.039321146693005,1086.2589080524342,DE,1.0,0,,,0
W00105,2026-01-05 08:00:00,65.33191159995062,66.41480836704332,32.45353886759106,328.0722524116855,7.805324650905913,1175.0115646675304,DE,1.0,0,,,0
W00106,2026-01-05 09:00:00,68.97281221066186,69.9426193194198,37.16452644321812,368.9527855196172,11.401446313719171,1308.649687669381,DE,1.0,0,,,0
W00107,2026-01-05 10:00:00,65.24988972544709,67.67559300820642,38.05170592934775,377.53851886997563,7.2883720577468925,1240.6463284159252,DE,1.0,0,,,0
W00108,2026-01-05 11:00:00,68.30483462049719,68.83310159580009,36.79239745574481,367.3344792962538,8.41080108974989,1215.6210425183817,DE,1.0,0,,,0
W00109,2026-01-05 12:00:00,74.20154068728698,75.04704881482886,28.25761073046077,285.0576257034714,12.607130135616174,1182.5852245252274,DE,1.0,0,,5.505885064535359,0
W00110,2026-01-05 13:00:00,61.36339788403826,62.75977502175764,,367.5287458392896,,1169.2959259433803,DE,1.0,0,,,0
W00111,2026-01-05 14:00:00,72.17211821772929,73.92792452772697,30.862767793302403,303.6235741333567,12.974796579371725,1223.057525047226,DE,1.0,0,63.960915692447436,,0
W00112,2026-01-05 15:00:00,71.1886780116614,73.00952599936721,35.94110444635305,361.8822072446619,,1179.8100700012412,DE,1.0,0,,,1
W00113,2026-01-05 16:00:00,67.02925022151602,69.09882566160151,29.30506225840376,291.2416876463366,7.695502317446465,1196.5937103164445,DE,1.0,0,,,0
W00114,2026-01-05 17:00:00,62.769710728057724,64.1839678391641,36.78528859017226,366.67620786296175,9.519125605859314,1206.287896489203,DE,1.0,0,,6.545896479778648,0
W00115,2026-01-05 18:00:00,70.36064753856935,72.15936764049148,31.77360438277051,312.1656126218846,10.20406259448115,1145.7542777205201,DE,1.0,0,64.5817080747911,,0
W00116,2026-01-05 19:00:00,67.35253645468099,68.49221977632254,29.869461398957913,296.6576760465232,10.157977432680019,1242.570349910515,DE,1.0,0,,,0
W00117,2026-01-05 20:00:00,71.16338105677352,72.63680732049835,37.855280545929595,378.5301035694025,12.267360957513404,1433.1395718732335,DE,1.0,0,,,1
W00118,2026-01-05 21:00:00,70.10926072761721,71.59747328621246,35.966578086707,362.45691443993866,9.27745914999311,1057.841068853914,DE,1.0,0,,,0
W00119,2026-01-05 22:00:00,78.00889445660458,79.7411508543919,32.54409279442841,323.1272374455802,10.704068943605849,1225.9210019351983,DE,1.0,0,64.68081822665297,,0
W00120,2026-01-05 23:00:00,68.80322186263489,70.79731814595378,40.804715396084255,413.01928232154,8.022745701130788,1139.1847929104877,DE,1.0,0,,,0
W00121,2026-01-06 00:00:00,64.88251253689067,66.62427933318436,33.23739031372103,330.3202350646709,10.900634556087626,1246.19220620154,DE,1.0,0,,,0
W00122,2026-01-06 01:00:00,70.89637817478157,72.34967934059736,35.128430695883736,349.23503155408184,10.006217100371273,1203.7245978662288,DE,1.0,0,,,0
W00123,2026-01-06 02:00:00,71.09998341985883,71.87468230030318,,365.36861056283743,8.500373323430965,1260.9483819233972,DE,1.0,0,42.34504698957751,,0
W00124,2026-01-06 03:00:00,76.79593787620219,78.3859936401764,,325.8477430919472,9.528341275650295,1294.0405261207025,DE,1.0,0,,,0
W00125,2026-01-06 04:00:00,74.17555622957289,75.63665312624775,36.88454517359972,367.18937754896245,9.631648506969556,1215.3936894214546,DE,1.0,0,,,0
W00126,2026-01-06 05:00:00,71.78435529574755,73.37458766551306,32.8661906113411,328.19650671986926,9.459689741325807,1290.5641830731342,DE,1.0,0,,,0
W00127,2026-01-06 06:00:00,77.3165144560978,80.62806499093209,33.35344671113516,337.5936878439778,13.542682484535367,1012.4561684969058,DE,1.0,0,,,1
W00128,2026-01-06 07:00:00,64.05618472838574,64.91829020012047,40.45057055921336,408.90431405101066,9.803107995384241,1327.2361838332818,DE,1.0,0,,,0
W00129,2026-01-06 08:00:00,66.80124233625126,68.47509839827657,30.83765578995027,305.92617836169194,9.512207779645324,1230.0049721513872,DE,1.0,0,,,0
W00130,2026-01-06 09:00:00,65.36712029297237,67.52923235262726,25.34887867628204,253.36148533258307,5.805098084779717,1286.2274684596146,DE,1.0,0,,,0
W00131,2026-01-06 10:00:00,68.05095098422116,69.49037153518509,41.443747980047576,414.7079502834785,8.211585296041045,1102.4099404126782,DE,1.0,0,,,0
W00132,2026-01-06 11:00:00,63.116569262218455,66.24917674280056,45.19731181042801,449.0143977727303,9.473853151087294,1133.5384094715732,DE,1.0,0,,,1
W00133,2026-01-06 12:00:00,73.17575473407202,74.33683839536828,33.37892293820267,333.62217422407673,8.628294647646715,1211.6750635315818,DE,1.0,0,,,0
W00134,2026-01-06 13:00:00,68.88888651450614,70.5259356226523,27.25264783751926,272.5424469565477,12.763415186755594,1198.636968853003,DE,1.0,0,,,0
W00135,2026-01-06 14:00:00,62.64596852748671,63.25984330212206,33.75806409521623,341.0012693889725,9.670124449207563,1222.6454870407993,DE,1.0,0,,,0
W00136,2026-01-06 15:00:00,64.92210459396229,65.9393268977269,33.855108200637325,342.17335709130685,12.576888498636505,1286.7612128743972,DE,1.0,0,49.36129414875507,,0
W00137,2026-01-06 16:00:00,71.56756923725098,73.19806775031331,34.240304635910974,341.4154181640327,10.123409268100737,1058.782374775772,DE,1.0,0,,,0
W00138,2026-01-06 17:00:00,74.1906328394719,76.35148874610752,30.54644783231261,304.82261889154364,10.074455672843154,1277.9055257373848,DE,1.0,0,,,0
W00139,2026-01-06 18:00:00,79.98365445845893,81.83860341484697,37.31824456990591,375.175322605226,9.822407104574998,1200.6625527966341,DE,1.0,0,,,0
W00140,2026-01-06 19:00:00,84.56931233003665,87.26799045610517,37.098029501144346,369.2247296646624,10.007592503242918,1183.6974511100361,DE,1.0,0,,,1
W00141,2026-01-06 20:00:00,72.07204716637999,73.43751586123346,29.022377520722774,291.98969566243994,13.437590006099718,1082.3107812492087,DE,1.0,0,,,1
W00142,2026-01-06 21:00:00,65.05230939984068,66.0876207639663,37.79678692677955,377.7041498056879,5.3607785464975635,1240.2438934701493,DE,1.0,0,,,0
W00143,2026-01-06 22:00:00,59.339768596343454,62.68975205409383,43.210739927783564,429.19920354461976,5.996908511122642,1006.8713719175171,DE,1.0,0,61.906006788679186,,0
W00144,2026-01-06 23:00:00,71.33855731171919,73.0807185775072,35.68784132974824,354.0079031588434,,1251.871520899097,DE,1.0,0,,,0
W00145,2026-01-07 00:00:00,65.93529452344836,66.67841517713448,33.650699351725976,340.84816960535306,10.029055763875137,1080.6315331621606,DE,1.0,0,,,0
W00146,2026-01-07 01:00:00,67.92321369910158,68.72626696328516,34.43198714236991,343.8506069862692,11.380208849528024,1204.276633009398,DE,1.0,0,,,0
W00147,2026-01-07 02:00:00,66.93951600470096,67.52416239316992,,379.53133296043745,10.94617439605495,1190.4664930137665,DE,1.0,0,,,0
W00148,2026-01-07 03:00:00,69.29604556791807,71.43122196396187,28.077313577971125,279.2322269975665,9.23150817423886,1293.5630517835107,DE,1.0,0,47.36409849841756,,0
W00149,2026-01-07 04:00:00,75.32990115393822,76.5449973427024,35.65756281190921,357.44924372248653,12.038087386483525,1185.7075864788887,DE,1.0,0,,,1
W00150,2026-01-07 05:00:00,70.78524283722672,72.30283767449644,33.43814420214876,341.55947219054235,12.060390806305461,1144.4689151083467,DE,1.0,0,,,0
W00151,2026-01-07 06:00:00,69.20682581480656,70.54015539155209,42.39130005182418,420.740840284252,10.368115662543131,1159.4717843223038,DE,1.0,0,36.53938672155012,,0
W00152,2026-01-07 07:00:00,64.82173123587094,66.7033597869411,,337.3396471481023,11.925315144973682,1301.8306215003731,DE,1.0,0,,,0
W00153,2026-01-07 08:00:00,61.62658527647822,62.18172170770057,41.67155044447808,420.5752748386425,10.545290526864257,1242.9037575344714,DE,1.0,0,,,0
W00154,2026-01-07 09:00:00,67.56846045463334,68.0593718348116,30.58503720887197,303.3699447725405,8.877033946434233,1169.1496014781471,DE,1.0,0,,,0
W00155,2026-01-07 10:00:00,69.7310872459084,71.30514683657184,37.349036667211166,373.428247579793,11.39563367800001,1181.0842864028389,DE,1.0,0,43.525897942983825,,0
W00156,2026-01-07 11:00:00,78.83964956789941,80.89720998701732,36.277601055164915,361.0182559202944,10.221226245157355,1074.6258327531643,DE,1.0,0,,,1
W00157,2026-01-07 12:00:00,70.65137260736444,72.33042590998984,31.52381100854087,316.0425984282747,10.002679693508973,1231.0779360681233,DE,1.0,0,,,0
W00158,2026-01-07 13:00:00,74.91369755511529,75.76440852293973,35.70958445854776,354.2442359639204,12.945907144379149,1059.2147433843627,DE,1.0,0,64.2309514951162,,0
W00159,2026-01-07 14:00:00,67.50352200730424,69.39558032112345,39.8500753473264,397.9609332096141,5.098255742919827,1260.1437172668366,DE,1.0,0,46.069470624139704,,0
W00160,2026-01-07 15:00:00,64.07528116791488,64.76169804959667,33.7048331828536,338.3977778082056,7.164631659680861,1210.2897273993012,DE,1.0,0,,,0
W00161,2026-01-07 16:00:00,65.17441618883814,66.06067359678579,,279.29656737438665,7.62585914725126,1390.9561439659137,DE,1.0,0,,,0
W00162,2026-01-07 17:00:00,66.37386967732124,66.94618425109007,34.929748694090215,347.1972348519645,9.273478704862388,1111.9891557020555,DE,1.0,0,,,0
W00163,2026-01-07 18:00:00,80.64234866217582,83.29612231434096,31.39030762082995,312.86092770750395,9.49078366046794,1191.7870327167493,DE,1.0,0,,,1
W00164,2026-01-07 19:00:00,65.89306660387807,67.71766516877751,33.63063624534447,332.0199161507659,6.985348704453905,1343.863016073845,DE,1.0,0,58.53232662869076,,0
W00165,2026-01-07 20:00:00,74.19244601868172,76.16028963959845,34.67364892125951,345.4688062641989,8.029683935378348,1295.311171223313,DE,1.0,0,,,0
W00166,2026-01-07 21:00:00,65.48536410956487,67.79284052867013,28.17739113593793,282.130300979088,8.27831664295286,1144.303035873608,DE,1.0,0,,,0
W00167,2026-01-07 22:00:00,74.65786506437122,78.40114176424963,28.537366642717288,284.17501960240764,14.914848184151783,1217.9173942698758,DE,1.0,0,53.47934477182711,,0
W00168,2026-01-07 23:00:00,71.92475483052931,71.99586904401177,36.9282673421021,368.4685439422259,13.603483895494293,1200.159948513207,DE,1.0,0,,,0
W00169,2026-01-08 00:00:00,69.21681051170955,70.01044545724206,32.90912521532128,329.0315471404931,9.176501164630702,1222.5564693915326,DE,1.0,0,,,0
W00170,2026-01-08 01:00:00,69.79618736932284,70.69917104936968,24.74102263271773,245.44299593988035,,1144.1055651212137,DE,1.0,0,,,0
W00171,2026-01-08 02:00:00,66.72606152285304,67.37992705540394,38.13937614643254,383.46694916192604,,1192.8543677839411,DE,1.0,0,,,0
W00172,2026-01-08 03:00:00,72.23036100741041,72.81290162947565,36.089479021096956,365.2027245853749,6.1837391735494665,1072.1558099778629,DE,1.0,0,50.14885875207595,4.7637503673763115,0
W00173,2026-01-08 04:00:00,67.7250825982961,68.83986179901773,32.144500703854064,320.0518658619543,9.766239627182951,1210.8098761494466,DE,1.0,0,,,0
W00174,2026-01-08 05:00:00,63.87197118116376,64.1761276325555,29.732679155767034,298.78238625210344,8.004296033511949,1236.0016538737466,DE,1.0,0,,,0
W00175,2026-01-08 06:00:00,63.6103121284019,65.15055226499986,38.34323158525735,382.71346438626955,,1181.8064469884894,DE,1.0,0,,,0
W00176,2026-01-08 07:00:00,70.8629395886106,72.32155703752571,36.39740249024172,365.0704869375327,,1070.795928753217,DE,1.0,0,48.31157414797034,,0
W00177,2026-01-08 08:00:00,77.89545628205218,79.83818833950416,,450.0014299009727,8.476051083379485,1279.082549028117,DE,1.0,0,,,0
W00178,2026-01-08 09:00:00,70.7999580678672,72.62213999053515,36.68075439489975,368.33352257805177,10.297254190605662,1229.1620030394242,DE,1.0,0,50.095522862568465,,1
W00179,2026-01-08 10:00:00,69.40680836945059,71.27735001958094,36.55081256504806,360.1878820340516,10.732419195567875,1141.9187921839218,DE,1.0,0,38.99434666969849,,0
W00180,2026-01-08 11:00:00,71.42913069801271,72.55898616251386,34.33228827956574,344.68486968999827,10.83494391748403,1177.5519642529548,DE,1.0,0,,,0
W00181,2026-01-08 12:00:00,76.53000870853413,79.75752360481175,38.267103468803164,386.3696259179587,7.359022031685925,1079.946447777453,DE,1.0,0,51.36873320689385,,0
W00182,2026-01-08 13:00:00,71.09691250681928,72.70639565014135,37.50034080499262,374.33861953993187,11.709371460271123,1117.9671897777675,DE,1.0,0,,4.055066164379901,0
W00183,2026-01-08 14:00:00,67.94536384583131,67.8142833206481,40.00690003426078,403.0559047609613,8.3995766067963,1156.9750922914288,DE,1.0,0,,,0
W00184,2026-01-08 15:00:00,75.53144355029944,76.24017182469245,32.91470832545086,327.07673663105277,11.265715829214614,1298.2736649824121,DE,1.0,0,,4.6413926464613695,1
W00185,2026-01-08 16:00:00,72.14378219230807,72.19425544493198,33.25837010822415,328.12708360367463,9.978722646763615,1148.839728729002,DE,1.0,0,30.674109790593896,,0
W00186,2026-01-08 17:00:00,77.67877995997996,79.2462232625006,33.08358731635208,331.25938022001867,7.247225001844104,1251.2170927463008,DE,1.0,0,36.3898307209253,,0
W00187,2026-01-08 18:00:00,70.91617218610953,72.23705145058905,38.163206884715954,376.36263868492057,9.367604590837624,1156.9347037710736,DE,1.0,0,69.73521436813671,,0
W00188,2026-01-08 19:00:00,63.8776548413975,64.78046737990587,40.99349776118693,409.2156645731885,10.730727484127534,1219.83580486815,DE,1.0,0,39.527912399229635,,1
W00189,2026-01-08 20:00:00,63.15920400377168,66.03112897376752,33.164638027402795,335.50690706196445,11.225930760949199,1188.6883598284958,DE,1.0,0,,,0
W00190,2026-01-08 21:00:00,78.25463966115625,80.2589187536409,33.30090508882763,327.2797621710375,9.718024205111163,1269.8445280074195,DE,1.0,0,43.13062378334154,,0
W00191,2026-01-08 22:00:00,78.61832860391648,80.77157386515188,36.256308895479194,358.7245985670503,13.063557781202105,1157.2150929425154,DE,1.0,0,50.79672739267564,,0
W00192,2026-01-08 23:00:00,69.102403933587,69.73959322190505,34.01695399994839,337.0734432639992,12.015021541973118,1074.1977399998048,DE,1.0,0,,,1
W00193,2026-01-09 00:00:00,68.08406339432005,68.64642874914163,38.80821461255956,387.8921865464627,9.486691767200494,1089.4440774909094,DE,1.0,0,,,0
W00194,2026-01-09 01:00:00,77.30722146121101,78.88281028971281,25.992890837523813,258.83175801829947,11.500243624273889,1157.4498004845793,DE,1.0,0,,,0
W00195,2026-01-09 02:00:00,64.46477158978256,65.89247273329998,31.69317981233242,321.1292072684125,13.867586970376374,1100.0752023457558,DE,1.0,0,45.51710226355766,,0
W00196,2026-01-09 03:00:00,65.52636490522087,65.35184294963372,31.870334664154218,321.56639162881726,13.920969201566054,1232.816961254364,DE,1.0,0,,,0
W00197,2026-01-09 04:00:00,73.21663397344523,74.53672103463451,25.71857595045542,258.67157834276,7.5440002383550055,1162.7385468113537,DE,1.0,0,,,0
W00198,2026-01-09 05:00:00,68.02697438570205,69.39877153971489,31.145446222524782,311.89135316827947,8.1469337776857,1389.9685240021145,DE,1.0,0,,6.320910002669873,0
W00199,2026-01-09 06:00:00,69.97439066639964,71.20175914711074,31.339375536616295,314.57344469711745,12.969837573467702,1060.9828323890295,DE,1.0,0,,,0
W00200,2026-01-09 07:00:00,69.18278550737743,69.91572888764765,34.195581381924676,339.36986675330667,7.8834378983247255,1216.2906542967842,DE,1.0,0,,,0
W00201,2026-01-09 08:00:00,71.68787274399467,72.69000205333766,39.45186356664105,397.0902667270804,7.354917733416642,1109.7637581195465,DE,1.0,0,,,0
W00202,2026-01-09 09:00:00,77.03740930656858,78.4366701378417,34.01975739523719,336.86144118929434,9.027611738601907,1160.5278927693857,DE,1.0,0,57.18347886894163,,0
W00203,2026-01-09 10:00:00,70.45292453450872,71.93462304408693,30.876745118915384,311.27358217086055,10.84045341894917,1211.3135578672436,DE,1.0,0,,,0
W00204,2026-01-09 11:00:00,73.21969396638428,75.16792111175242,34.77218183514589,351.2802458578154,9.795206586777807,1013.970290010057,DE,1.0,0,30.612473729964748,,0
W00205,2026-01-09 12:00:00,59.74913949484488,61.80880724870248,39.1966944857654,392.5995386639182,8.698872759188816,1218.946089343042,DE,1.0,0,,,0
W00206,2026-01-09 13:00:00,69.75640799034942,70.91605797133461,31.09616473554038,310.43300817851787,8.651575076550982,1352.2325969819335,DE,1.0,0,62.827928561027136,,0
W00207,2026-01-09 14:00:00,65.78384864853564,66.73460066461408,31.357700464314206,314.7779343680711,8.575325871174583,1163.7249361305126,DE,1.0,0,,,0
W00208,2026-01-09 15:00:00,63.90593469788186,65.53417793066694,37.23419583709689,363.7574032606669,8.240980742682115,1220.7846285444407,DE,1.0,0,,4.291040978954158,0
W00209,2026-01-09 16:00:00,65.60923816535625,67.41009886179206,34.113855537076795,342.04533002622435,14.563265754552123,1281.9937354500319,DE,1.0,0,,,1
W00210,2026-01-09 17:00:00,68.32938279649593,69.34861010581875,,375.55932563485953,10.59502214237111,1186.8837199978402,DE,1.0,0,,,0
W00211,2026-01-09 18:00:00,74.57951271178007,76.70341774758862,34.94541283281881,349.30224398901714,11.773518108809476,1153.5231849174813,DE,1.0,0,,,0
W00212,2026-01-09 19:00:00,63.36803641130218,65.41906541245301,37.80665459235827,380.18614346227616,9.021845063762152,1017.9410877022599,DE,1.0,0,49.495259272185784,,0
W00213,2026-01-09 20:00:00,70.15315746297209,72.58956978475847,,308.3725686736802,9.628086645627903,1251.2792575515978,DE,1.0,0,,,0
W00214,2026-01-09 21:00:00,67.5791528333321,70.3533926153746,34.95166139684693,346.0959933985158,8.57289203725929,1190.9465272216883,DE,1.0,0,,,0
W00215,2026-01-09 22:00:00,68.3616345281902,69.03573430782646,34.15723994254737,341.14819141299756,4.696583330161596,1118.9852918889471,DE,1.0,0,,,0
W00216,2026-01-09 23:00:00,75.01378912652302,76.5251834765195,30.136436303583476,301.5670294880772,7.243981446304268,1210.1277368222154,DE,1.0,0,,,0
W00217,2026-01-10 00:00:00,72.69057718501963,74.15341088601495,28.746088208525247,287.8056838199955,6.378762640039211,1153.3055714555055,DE,1.0,0,,,0
W00218,2026-01-10 01:00:00,76.68699053721372,78.14227149313199,37.742996141098644,377.91571951284163,5.500432444096785,1157.725909510758,DE,1.0,0,,,0
W00219,2026-01-10 02:00:00,69.2274716037505,70.0926107001374,33.59619047112809,339.08001184603654,7.609282051403794,1248.5032924886966,DE,1.0,0,,,0
W00220,2026-01-10 03:00:00,66.52028694164649,66.66224307789457,30.91087887341068,305.8506850750044,12.649911358763262,1092.9294070940925,DE,1.0,0,48.579603917670596,,0
W00221,2026-01-10 04:00:00,68.8807059155975,70.33246359073266,34.61528425230667,346.67994389156127,9.911127664591291,1283.7852228859006,DE,1.0,0,,,0
W00222,2026-01-10 05:00:00,71.21248395635611,72.02204910784491,39.512075429397214,398.9905433898269,12.581127524642348,1088.1851069505278,DE,1.0,0,,,0
W00223,2026-01-10 06:00:00,70.88286679226856,72.36931891271203,25.87704861851231,253.56665169431153,10.82196515380175,1146.983887331579,DE,1.0,0,,,0
W00224,2026-01-10 07:00:00,64.57805963883317,65.23438599825076,29.013445240386694,290.6733924462071,11.565117651430318,1353.8356955253262,DE,1.0,0,,,0
W00225,2026-01-10 08:00:00,70.45244890813937,70.98177120962669,31.30845423241893,311.3284068182702,8.19820600939085,1290.1883809313938,DE,1.0,0,,,0
W00226,2026-01-10 09:00:00,71.14114165069452,72.75140317200993,40.84471546688132,407.33502351539386,11.047901908385342,1207.8083193996351,DE,1.0,0,42.182097702666724,,0
W00227,2026-01-10 10:00:00,82.5873701876696,84.35985481286819,36.130347931677186,358.5890568071286,11.457428468148692,1124.7575827599026,DE,1.0,0,,,1
W00228,2026-01-10 11:00:00,79.38422305640835,81.43533309459326,38.069268961844905,380.1840374713477,8.846705415532615,1157.6582154640084,DE,1.0,0,,,1
W00229,2026-01-10 12:00:00,65.7337832472059,68.79714992528413,30.439356323495076,309.9173300782315,11.119080741232333,1205.8620251668558,DE,1.0,0,54.449420625446216,5.42218666143744,0
W00230,2026-01-10 13:00:00,68.56308319225413,70.15617648106789,30.521856498917895,301.4252739056473,11.132375517149665,1203.0018585871678,DE,1.0,0,,,1
W00231,2026-01-10 14:00:00,62.68278999081498,64.32451120428259,36.79125486689084,364.4037186614719,8.900894757739835,1192.730325629923,DE,1.0,0,52.80854348725522,,1
W00232,2026-01-10 15:00:00,67.04646493018257,67.52534516569236,35.23309732374179,348.4251695269274,7.7544631354580105,1197.5333988732652,DE,1.0,0,,,0
W00233,2026-01-10 16:00:00,71.5780250179517,71.98005956588165,37.19495527545651,377.1318076144494,7.6317433362034555,1182.849991223591,DE,1.0,1,,,0
W00234,2026-01-10 17:00:00,76.02926810444117,78.81611702394866,34.24931603628619,341.106141246298,10.173011083842924,1084.641701148799,DE,1.0,0,59.351087610227836,,0
W00235,2026-01-10 18:00:00,66.35458081128196,66.94288860356096,36.112574905818505,361.04883187714205,10.65401973757863,1158.6791406271334,DE,1.0,0,59.112280051906474,,0
W00236,2026-01-10 19:00:00,66.72926779966102,67.22869789847933,35.63247633962044,355.1164145728857,8.414948339084171,1273.1699243189478,DE,1.0,0,48.992220840540135,,0
W00237,2026-01-10 20:00:00,59.26355485130672,60.41754681135962,38.1110695563397,378.27742692818777,10.053170682652198,1090.5332561959106,DE,1.0,0,,,0
W00238,2026-01-10 21:00:00,69.18667039727546,70.49824987451906,38.228033127777884,381.5748793379355,11.141074072276972,1184.8355590768576,DE,1.0,0,52.28460681732321,,0
W00239,2026-01-10 22:00:00,64.68792794070218,65.2596812943616,28.52051202243292,292.5798510415389,11.236381429330601,1134.4196856983324,DE,1.0,0,,,0
W00240,2026-01-10 23:00:00,67.35280286316963,68.45588034546253,26.010925778636576,264.28547054928856,13.103760240244977,1208.908034351849,DE,1.0,0,,,0
W00241,2026-01-11 00:00:00,65.61569610916206,67.91151060546538,39.00698159060603,387.51100245268344,12.553961664396088,1168.9093455146544,DE,1.0,0,,,1
W00242,2026-01-11 01:00:00,69.52868722873721,70.27446608624652,39.75090037304775,399.45172603966256,7.997417134486912,1318.1914931979736,DE,1.0,0,,,0
W00243,2026-01-11 02:00:00,61.21135804321685,61.32064721658825,30.91750792194665,306.68051090146736,13.367172419076045,1240.5266523352202,DE,1.0,0,,,0
W00244,2026-01-11 03:00:00,62.66477377304505,64.67214414522579,27.560658373817486,270.2774808216362,8.938046990888571,1095.055746737823,DE,1.0,0,,,0
W00245,2026-01-11 04:00:00,80.64623556014149,82.65299780089475,35.396139284028806,357.0199255932819,12.089745624908854,1253.6982409290958,DE,1.0,0,,,1
W00246,2026-01-11 05:00:00,63.56288709362985,64.33772993898351,38.723352905402116,390.71380759395186,10.135973252102177,1138.027851499035,DE,1.0,0,50.709947154249484,,0
W00247,2026-01-11 06:00:00,64.5160721077268,64.54065993697981,42.19037808973726,425.0419376505163,9.175701243086065,1153.8402902897974,DE,1.0,0,45.537947356527376,,0
W00248,2026-01-11 07:00:00,79.18456764160658,80.17256030928786,37.0651902884058,369.2423071363993,6.384606280450134,1225.1055216085697,DE,1.0,0,,,1
W00249,2026-01-11 08:00:00,84.52533584620204,86.17207901364667,33.51313321365722,334.63100493456625,9.656870979567303,1160.6602064215892,DE,1.0,0,65.44449478118673,,1
W00250,2026-01-11 09:00:00,64.14216685587328,66.35754786489781,31.42747751366055,316.5240717975799,6.881233529388782,1271.4284653058364,DE,1.0,0,,,0
W00251,2026-01-11 10:00:00,68.15875521605984,68.69266474048533,35.04580516668262,351.6325397788705,11.934598471685545,1138.0391950789283,DE,1.0,0,,,0
W00252,2026-01-11 11:00:00,71.70777775470255,73.07431740458742,33.80294118445897,336.8484994306986,13.033585314278497,1150.484275792691,DE,1.0,0,34.125071762686986,,0
W00253,2026-01-11 12:00:00,78.64348822202797,80.75647371438444,30.939728377084734,304.54006831049287,8.40617802140662,1147.4903285161513,DE,1.0,0,,,0
W00254,2026-01-11 13:00:00,65.06571460785881,64.46201502791844,,432.2918516169575,10.603941485038542,1154.7489001315969,DE,1.0,0,,,0
W00255,2026-01-11 14:00:00,68.77361077028945,70.97611192004636,42.14067360828852,424.6437650005936,8.549216955984049,1287.935324443825,DE,1.0,0,,,0
W00256,2026-01-11 15:00:00,73.88668788030873,74.41846118014975,,391.8491824751147,8.743030539726421,1250.3037034888243,DE,1.0,0,,,1
W00257,2026-01-11 16:00:00,72.1738303723331,73.88290337454532,31.31659840876349,315.08226223266286,11.548989407730742,1336.7955163209658,DE,1.0,0,46.33321206349478,4.611666096867354,0
W00258,2026-01-11 17:00:00,68.1192196438495,69.67895055641509,38.42007729718912,385.19539805729227,9.922923476313175,1381.4115363119404,DE,1.0,0,,,1
W00259,2026-01-11 18:00:00,69.33088517741979,71.58517199413926,37.55850563799161,377.83550116961305,13.479296083862023,1117.5426374454128,DE,1.0,0,,,1
W00260,2026-01-11 19:00:00,63.12552095815009,64.82877088202792,36.77018249681621,370.3177514673191,9.035535042594159,1205.6335301861832,DE,1.0,0,,,0
W00261,2026-01-11 20:00:00,68.80913128012668,68.28348151234523,39.99866106817511,397.90321495597505,11.998672664948979,1105.9039746685253,DE,1.0,0,,,1
W00262,2026-01-11 21:00:00,68.66806254995522,69.41360040322954,37.54148457144511,370.56396751395624,10.194826825915564,1137.7915257801387,DE,1.0,0,,,0
W00263,2026-01-11 22:00:00,71.16084944813127,72.69463054057653,,378.00001087512476,11.591556019488467,1149.5933991795464,DE,1.0,0,43.68184310917219,,1
W00264,2026-01-11 23:00:00,67.22336390590492,68.41184727512719,37.54762513348884,378.14363328746947,9.105684685340107,1115.427610068938,DE,1.0,0,48.220424442543134,,0
W00265,2026-01-12 00:00:00,72.3576926127257,74.18693504878563,36.363165632008425,362.0056446095063,9.900882324896834,1115.8490181681268,DE,1.0,0,57.57776760936187,,0
W00266,2026-01-12 01:00:00,75.06357908909914,77.19634391541688,27.865555481143268,276.57342483985974,9.76900224140213,1188.4572497183797,DE,1.0,0,,,0
W00267,2026-01-12 02:00:00,70.77714663834233,72.67945096025292,35.33448430964223,347.88079207064834,8.327885770308425,1102.6625265290875,DE,1.0,0,45.032752972062944,4.8120008984832,0
W00268,2026-01-12 03:00:00,71.75878204199601,73.02253772879236,32.7752321646035,333.01026430968784,11.324163069163506,1267.3701567310106,DE,1.0,0,,,0
W00269,2026-01-12 04:00:00,70.26577673788934,70.19402266375074,29.880636169439917,301.28350261867513,11.300498011156728,1126.579717006599,DE,1.0,0,,,0
W00270,2026-01-12 05:00:00,70.00042196545706,71.03604540568236,41.727266477203294,419.58235271585727,11.187109389811134,1424.7655176077114,DE,1.0,0,,,0
W00271,2026-01-12 06:00:00,66.39220983228576,68.05314854744263,41.91598136354281,422.06298979576655,13.07393130783529,1163.8892439228484,DE,1.0,0,,,1
W00272,2026-01-12 07:00:00,71.58247130836654,72.14176293249348,40.436882401182444,406.0989490964547,12.898689602472608,1205.761411353364,DE,1.0,0,45.55878545634485,,0
W00273,2026-01-12 08:00:00,69.51356700793255,71.40885813218846,36.020853667423495,359.4755501086964,9.25011062030173,1096.372705242717,DE,1.0,0,,5.8663974003576,1
W00274,2026-01-12 09:00:00,80.46584154465297,82.80187301335988,40.40250048381063,403.53371252573965,10.746104636868356,1336.487340650211,DE,1.0,0,53.03048282932717,,1
W00275,2026-01-12 10:00:00,77.86677451237621,79.52560358366041,35.0482127224073,349.1994341302966,8.752798621483574,1289.5600544642334,DE,1.0,0,,,0
W00276,2026-01-12 11:00:00,71.9292327627825,70.91679352498824,35.81118910759112,366.0161133391562,10.04671063222911,1223.753269658889,DE,1.0,0,,,0
W00277,2026-01-12 12:00:00,66.18471395152616,66.48593754038724,30.626114518152068,307.92888127541903,8.80050110176227,1092.2557960976346,DE,1.0,0,,,0
W00278,2026-01-12 13:00:00,64.43794264008291,67.23565281972944,36.58796521799536,364.4882508558993,13.240140618272102,1216.8533502179696,DE,1.0,0,,,1
W00279,2026-01-12 14:00:00,75.95571476544433,77.03759882633051,35.241543713697666,353.8119274594755,10.727396300685925,1110.2855163186196,DE,1.0,0,,,1
W00280,2026-01-12 15:00:00,71.31374612573569,71.15270646974722,29.789391532662144,294.8613085730525,9.563941743791156,1316.988421077869,DE,1.0,0,,,0
W00281,2026-01-12 16:00:00,72.40071701695805,74.83692926794544,34.79521155273361,352.4656356831038,12.387237143712754,1264.735578548254,DE,1.0,0,57.504235544035765,,0
W00282,2026-01-12 17:00:00,61.27707006512904,62.513295939666556,34.681081744572765,344.82761015830624,5.658769180409177,1207.635123079019,DE,1.0,0,,,0
W00283,2026-01-12 18:00:00,74.6371924077909,77.0138886471129,42.19024466657856,423.40570296365297,5.9717948102694205,1005.0899469402142,DE,1.0,0,,,0
W00284,2026-01-12 19:00:00,72.27210169107181,73.93911066506874,38.576853314053636,388.96646602976574,11.591677310439549,1121.3267217072776,DE,1.0,0,,,0
W00285,2026-01-12 20:00:00,64.4478465779276,66.1036508184559,35.04578175636586,351.6121231962736,10.120936896234737,1255.0208905279899,DE,1.0,0,,,0
W00286,2026-01-12 21:00:00,67.64237596275025,69.28563088017687,35.99514923920433,360.23490236750223,10.50089260052152,1297.0306953378524,DE,1.0,0,,,0
W00287,2026-01-12 22:00:00,71.3185860217826,73.30294839175505,,351.800901378736,7.3472077933629025,1288.7335849193705,DE,1.0,0,,,0
W00288,2026-01-12 23:00:00,70.26233399178122,73.48952503046172,34.18834406081781,341.7141173175168,9.953532578299267,1072.6389598206836,DE,1.0,0,,,0
W00289,2026-01-13 00:00:00,68.53914407098223,70.68673202116922,30.67029121044685,304.972816637686,14.007018820802685,1224.1241845450322,DE,1.0,0,,,0
W00290,2026-01-13 01:00:00,69.48255865967019,69.60793837858716,34.39579248957228,342.6094746064137,11.648399239591726,1281.2412173186344,DE,1.0,0,,,1
W00291,2026-01-13 02:00:00,68.74011310896557,70.47224458336801,32.01560697338995,324.5948408548523,10.339413090285625,1067.3331547534203,DE,1.0,0,,3.5018896583519528,0
W00292,2026-01-13 03:00:00,70.76281256051234,73.09125342620517,29.998737844307414,299.6617685450187,9.121892179790125,1199.3676387701412,DE,1.0,0,,,0
W00293,2026-01-13 04:00:00,77.35745986496579,79.86676970749403,37.04488725819014,368.09148377375305,9.210854296261212,1221.9073918646766,DE,1.0,0,,,0
W00294,2026-01-13 05:00:00,57.16670779534351,57.9687579648031,36.56505863973294,364.10169360674485,5.741604221599965,1175.9388332122612,DE,1.0,0,,2.349776452701824,0
W00295,2026-01-13 06:00:00,68.81574867745158,71.12401920715111,27.853169954527687,281.83281158736855,10.515280841842321,1051.827051567904,DE,1.0,0,,,0
W00296,2026-01-13 07:00:00,70.88256210686224,73.04240726864045,,347.1194343996884,11.690966216963709,1173.9441511941018,DE,1.0,0,68.24879017807115,,1
W00297,2026-01-13 08:00:00,71.4799699484355,74.96758329697998,38.982805543599696,391.5090429706937,6.84876134565877,1173.8155655795981,DE,1.0,0,,,0
W00298,2026-01-13 09:00:00,68.14042709339355,68.90323424626263,39.236894955585285,391.5963859591235,8.677166215386368,1188.1542076361798,DE,1.0,0,,,1
W00299,2026-01-13 10:00:00,61.216391087607086,62.03479844823889,39.103347371540956,392.7535611259284,7.685070735533156,1154.9222859659944,DE,1.0,0,,,0
W00300,2026-01-13 11:00:00,71.63997741857055,72.82788172817399,35.15565282760584,349.6258449012065,8.069297610382472,1164.5590277406827,DE,1.0,0,,,0
W00301,2026-01-13 12:00:00,78.63675107082092,79.81730837220633,,315.4193447871966,10.1069632536438,1196.8234974122417,DE,1.0,0,,,0
W00302,2026-01-13 13:00:00,62.33069297541931,62.86529023511682,30.66520469056776,309.5614603678528,5.831195690023051,1235.396368397577,DE,1.0,0,45.231159769667215,,0
W00303,2026-01-13 14:00:00,74.31914006849094,73.59538246532176,,366.40702922677144,11.228540876714128,1175.6458589714666,DE,1.0,0,65.48725558462861,,0
W00304,2026-01-13 15:00:00,68.35737388438552,69.37676178309472,36.51712013746065,362.22547183675414,,1167.2280857305598,DE,1.0,0,,,0
W00305,2026-01-13 16:00:00,69.69337827085576,71.3827322840328,40.14932444642026,398.92666510547684,9.497794823926174,1207.3883230603567,DE,1.0,0,,,1
W00306,2026-01-13 17:00:00,64.73550744648026,65.63564011900513,39.399918601368334,394.3252924721236,5.038582980030917,1046.3267259283855,DE,1.0,0,,,0
W00307,2026-01-13 18:00:00,68.32771913822062,71.24257846780833,34.47108537387531,349.8892508627617,8.00716274799522,1238.1628101781166,DE,1.0,0,,,0
W00308,2026-01-13 19:00:00,76.50022297349479,78.04092808313737,30.023176484556522,294.48506935215823,12.465803868205393,1199.9549522301634,DE,1.0,0,,,0
W00309,2026-01-13 20:00:00,72.91327620993853,75.4043649782846,33.72357361195641,338.0707349382756,4.444011438542855,1203.175482127805,DE,1.0,0,39.44566219044296,,0
W00310,2026-01-13 21:00:00,78.66155802704972,80.4439255177747,35.8689247792421,354.5611177977015,9.304953175612962,1276.8587446075571,DE,1.0,0,,,0
W00311,2026-01-13 22:00:00,75.88705944488846,78.06592648170084,34.19166701844238,340.0136772038472,7.6399984430654815,1043.7747575961403,DE,1.0,0,,,1
W00312,2026-01-13 23:00:00,72.19543339464788,73.86273530568768,32.68842356768938,325.79095042270103,,1042.0932904112829,DE,1.0,0,,,0
W00313,2026-01-14 00:00:00,78.71967263083896,81.38909378897858,36.0115392598796,358.8538675684853,8.649772095713077,1221.9043076258815,DE,1.0,0,,,1
W00314,2026-01-14 01:00:00,72.1949657936915,73.68361658967125,32.984169034357556,328.24030252459795,10.807908041471222,1199.4306515897188,DE,1.0,0,,,0
W00315,2026-01-14 02:00:00,74.13994088398529,76.01963626813603,32.487735665098505,324.89897783211416,11.130920838338186,1213.6141554553546,DE,1.0,0,53.011131671006936,,0
W00316,2026-01-14 03:00:00,68.51714523232646,70.18055448389302,36.24581133721376,360.85234667224586,13.672451679460039,1163.0298339862043,DE,1.0,0,,,0
W00317,2026-01-14 04:00:00,70.33272907929603,71.5087552943801,33.39202967948318,329.53292464026936,9.59411611264926,1253.1482939391944,DE,1.0,0,23.74853315903198,,0
W00318,2026-01-14 05:00:00,66.51288088349861,68.16712435630832,35.97641755591341,362.1037843967024,10.752088739245222,1274.6111074392895,DE,1.0,0,41.682388257371905,,0
W00319,2026-01-14 06:00:00,74.94791967297427,78.2343870633919,36.092816091408494,363.1867774155316,7.029889041745128,1238.7185835161222,DE,1.0,0,,5.350212497858526,0
W00320,2026-01-14 07:00:00,64.10848188442567,65.17433396843784,30.4422839956337,306.95236288640507,12.380827126587487,1179.1337233276333,DE,1.0,0,,,0
W00321,2026-01-14 08:00:00,73.9117517120883,75.72555866061266,33.07503550453835,326.1281515565912,8.47898230385727,1031.3848489908478,DE,1.0,0,,,0
W00322,2026-01-14 09:00:00,69.04674471247421,71.43390276741926,40.75110775966585,408.40783205441096,8.87849167182451,1261.5388966429703,DE,1.0,0,,,0
W00323,2026-01-14 10:00:00,75.8562354673366,78.28556280143876,,305.5447560580493,9.955504410301579,1297.7382932974074,DE,1.0,0,,,1
W00324,2026-01-14 11:00:00,73.75434494365629,75.23880497670491,26.533382204117878,262.24021583586006,6.874231309320301,1251.5646729587183,DE,1.0,0,44.73146804012823,,0
W00325,2026-01-14 12:00:00,79.10323078823401,78.7785844416328,27.552619387029953,275.55371361484595,10.457540057857877,1129.6286058105995,DE,1.0,0,,,0
W00326,2026-01-14 13:00:00,73.65387345569323,75.54031317972586,35.11643978630668,350.8155979271357,11.934932545850021,1253.9035514934205,DE,1.0,0,61.48742349822743,5.973996337759487,0
W00327,2026-01-14 14:00:00,62.1397987217338,61.60701528927003,35.1236691121308,356.7631430970128,,1268.8423766369156,DE,1.0,0,,,0
W00328,2026-01-14 15:00:00,69.665234135509,72.23448860297216,34.52955657829952,351.0690538940329,6.822204871642549,1324.705299823927,DE,1.0,0,,3.6716047945368904,1
W00329,2026-01-14 16:00:00,64.13996403702592,65.55834241472105,39.85675931571401,393.5745239771495,9.75238141134068,1129.9112060617633,DE,1.0,0,,,1
W00330,2026-01-14 17:00:00,67.40860078816863,69.55651201982958,24.308662267588247,250.56840369306644,11.484057805958981,1181.883633236469,DE,1.0,0,,4.395366263457554,0
W00331,2026-01-14 18:00:00,77.55614216638361,78.38557609916644,,363.091677813773,6.244022468068184,1259.7817640914764,DE,1.0,0,,,0
W00332,2026-01-14 19:00:00,73.18766905448848,73.40941645693822,41.245752807214295,415.39954795512523,7.850467972364572,1204.5928057150527,DE,1.0,0,,,0
W00333,2026-01-14 20:00:00,66.50534785710627,68.04405832156132,30.488876940433144,307.80026334692263,11.75308720816304,1110.613791835898,DE,1.0,0,62.31979403265022,,0
W00334,2026-01-14 21:00:00,64.93141316779801,66.20315867918906,33.48077395284042,331.8206688478788,10.540190868394573,1233.1693028021361,DE,1.0,0,,,0
W00335,2026-01-14 22:00:00,70.1639104643813,71.17395601274319,31.988432331085516,321.36412669237245,10.823943164253508,1246.2929307052134,DE,1.0,0,,,0
W00336,2026-01-14 23:00:00,63.91719925309436,65.26327226274246,31.422615815689884,313.90355692410066,13.718989615246624,1207.03703170648,DE,1.0,0,,,1
W00337,2026-01-15 00:00:00,66.6442986130171,70.19113329890325,33.69495197990784,338.6125098129756,10.937105557012405,1217.5667941743955,DE,1.0,0,,,0
W00338,2026-01-15 01:00:00,71.56004735775622,73.65886874280659,40.70994113473802,407.79142825452203,11.315776020866359,1179.3035278651416,DE,1.0,0,,,1
W00339,2026-01-15 02:00:00,75.77656018053348,78.13169026883482,42.34954670195008,427.0844854756116,15.421491054436652,1318.2623148572848,DE,1.0,0,,,1
W00340,2026-01-15 03:00:00,73.0438073611222,75.17983302158734,33.65624309983941,336.7886296278322,9.572390883819018,1127.944625302986,DE,1.0,0,,4.852711686465442,0
W00341,2026-01-15 04:00:00,58.5435524570095,60.89799322123144,42.62024085625788,425.69878635429984,8.40423447276301,1153.0143389788977,DE,1.0,0,,,1
W00342,2026-01-15 05:00:00,71.5218336451513,72.80021297973373,35.1423059079385,354.7112517785565,10.855592796494266,1200.8788410822021,DE,1.0,0,,,0
W00343,2026-01-15 06:00:00,70.3601678661629,70.12356217734592,42.01476410680432,421.888828962619,10.87798205877779,1270.3163222160715,DE,1.0,0,,,1
W00344,2026-01-15 07:00:00,72.06945142686347,73.35997154899593,34.62680540138604,348.46349419682304,8.946569216107584,1080.210146392437,DE,1.0,0,,,0
W00345,2026-01-15 08:00:00,78.08104840825604,80.29205794441836,35.524231304184575,353.24855302506995,7.935205960890305,1095.1762600187649,DE,1.0,0,,,1
W00346,2026-01-15 09:00:00,59.68380861597629,60.10164447220376,,361.4831905615179,14.619688844180157,1036.9817193812225,DE,1.0,0,,4.414186393164117,0
W00347,2026-01-15 10:00:00,67.04448287404448,68.2442797711339,47.71541471747014,475.4509807449433,10.653686940776046,1202.6156180202618,DE,1.0,0,,,1
W00348,2026-01-15 11:00:00,72.95453161396678,73.86020645184426,,382.1889588367498,8.53542923719585,1110.5355346234765,DE,1.0,0,,,0
W00349,2026-01-15 12:00:00,62.09202800273029,64.53549196425939,32.17094188019414,324.0680166079002,11.831860604559196,1169.2359911985666,DE,1.0,0,48.619529247184666,,0
W00350,2026-01-15 13:00:00,77.37974524026754,79.52690575739814,38.87599148110343,391.6878669619165,9.78170969687733,1252.9102551913365,DE,1.0,0,46.813269094231956,,1
W00351,2026-01-15 14:00:00,71.84178306350329,73.79985122128852,33.552669851662635,335.0613076480292,9.494237107364338,1148.6765823373723,DE,1.0,0,,,0
W00352,2026-01-15 15:00:00,74.23291992921702,76.21485937829814,33.04099926839516,334.7027497404247,11.124545743828987,1218.502561819469,DE,1.0,0,,,0
W00353,2026-01-15 16:00:00,67.14528169239102,68.45838792419714,38.63440543956845,390.44946257697984,7.41623546353662,1176.0529673798621,DE,1.0,0,,,1
W00354,2026-01-15 17:00:00,74.06881844983106,75.70823984484969,35.124342351084614,351.97362026004777,10.705254407834344,1253.769145207715,DE,1.0,0,52.960330770426175,,0
W00355,2026-01-15 18:00:00,75.34235777994519,75.90105727111823,,358.67736126584316,13.825909615463505,1238.0102453878408,DE,1.0,0,,,0
W00356,2026-01-15 19:00:00,71.16439010068584,70.8385243196991,35.05594088746117,355.2855388229183,10.93235532439462,1144.6453043060312,DE,1.0,0,,4.188399948807893,0
W00357,2026-01-15 20:00:00,71.17200446349348,72.71550945703937,36.34633250642174,363.2802730111321,9.247575792433071,1186.5078597279637,DE,1.0,0,,,0
W00358,2026-01-15 21:00:00,71.35171619640863,73.03794272535451,36.699863589744595,367.3771314867389,8.985789439143517,1283.4994718176395,DE,1.0,0,,,0
W00359,2026-01-15 22:00:00,65.68327367630309,67.96435080456945,,271.5025076149637,9.179320053309782,1231.4701496203277,DE,1.0,0,,,0
W00360,2026-01-15 23:00:00,69.26235659879823,71.9046723836401,37.66629067443814,373.99353576548975,9.492074643904438,1088.2430353799095,DE,1.0,0,58.6636623498504,,1
W00361,2026-01-16 00:00:00,69.23738733773821,71.87813387249214,31.071922320678798,306.31330491584214,9.244386934483456,1252.4494448937105,DE,1.0,0,41.89111056191411,,0
W00362,2026-01-16 01:00:00,71.91696932176748,72.55688983356772,,294.2066395482954,11.832622882149133,1113.231150205101,DE,1.0,1,,,0
W00363,2026-01-16 02:00:00,74.99912123455147,76.21729163128268,34.76635502456527,345.3133470839628,6.533581793582034,1313.0010455968804,DE,1.0,0,,,0
W00364,2026-01-16 03:00:00,64.70731959010796,66.38573341861522,35.33592401325782,362.5378338195687,11.724000100824268,1281.927907187282,DE,1.0,0,,,0
W00365,2026-01-16 04:00:00,69.37495484840211,72.7879776875639,32.22597534171088,319.00153266927134,9.240626949714878,1223.1908380734722,DE,1.0,0,,,1
W00366,2026-01-16 05:00:00,77.40727773829487,80.1395026560319,38.3241274306719,379.46912688177486,10.753895571390744,1212.5786274748955,DE,1.0,0,,,1
W00367,2026-01-16 06:00:00,66.28205885593718,68.50321776265463,29.63129933451637,297.843409492004,7.7460241795982725,1183.2774195178065,DE,1.0,0,,,0
W00368,2026-01-16 07:00:00,65.8887499135484,66.89629454737992,33.372225004909765,338.3101904859995,12.657262133698872,1254.2819161120024,DE,1.0,0,38.508407094613645,,0
W00369,2026-01-16 08:00:00,71.01153095915596,71.72520187341497,32.660503460267996,326.7988035735096,12.491269920343747,1170.337746443035,DE,1.0,0,50.10335563182355,,1
W00370,2026-01-16 09:00:00,74.2219259524266,76.33749077818173,34.813650918642644,349.85323644698826,11.919181051500146,1218.8455896511914,DE,1.0,0,,,0
W00371,2026-01-16 10:00:00,70.0571302778033,70.57774387197186,36.11545713858896,355.62392913351346,6.970490448412921,1269.7547493215561,DE,1.0,0,,,0
W00372,2026-01-16 11:00:00,76.64480295218495,77.9869499304444,30.968428201505823,307.65174737798293,11.658242142132107,1155.055476517953,DE,1.0,0,,,0
W00373,2026-01-16 12:00:00,74.28396991283263,75.67782695188774,,375.75045991083647,10.809710175271418,1150.7045808007445,DE,1.0,0,,,1
W00374,2026-01-16 13:00:00,74.20910033445031,76.96761201243757,35.2520094733388,346.83495718354436,6.789457505734864,1104.4507615420432,DE,1.0,0,,4.79881023650525,0
W00375,2026-01-16 14:00:00,72.77058250662047,73.94223631438513,27.432214986752356,274.6730905695952,9.951405232458368,1114.8421803099063,DE,1.0,0,,,0
W00376,2026-01-16 15:00:00,81.63826550173043,81.31963110090695,27.165634238411876,264.9278595192875,10.729068978066525,1053.7283750846798,DE,1.0,0,,,1
W00377,2026-01-16 16:00:00,68.97419155566978,70.75723110491315,34.95072282828276,345.5406403845652,,1258.3863031212425,DE,1.0,0,39.074457296165875,,0
W00378,2026-01-16 17:00:00,59.98238853966743,60.62281882797764,34.116130728854586,339.5497259065056,10.354522733897712,1344.7131633666218,DE,1.0,0,,,0
W00379,2026-01-16 18:00:00,78.0212718075857,79.61580206328762,34.586319545701464,343.3693379491614,10.582462833694759,1314.0263154776244,DE,1.0,0,,,0
W00380,2026-01-16 19:00:00,67.71150284521588,68.9963691414465,34.88807017387913,350.0699272454125,12.947222784506192,1069.9132409098786,DE,1.0,0,,,0
W00381,2026-01-16 20:00:00,70.53940222171516,71.73122706949525,35.902239358040724,359.9391341561147,12.452067819821359,1257.988373724496,DE,1.0,0,55.62857920182391,4.470961502432361,0
W00382,2026-01-16 21:00:00,76.54775342430264,78.71098095821645,38.7905984393932,390.58738063173837,4.265890092434513,1313.7685079938844,DE,1.0,0,,,0
W00383,2026-01-16 22:00:00,61.98870229470538,62.00218443791732,30.555580396329766,307.8129551614357,9.365122890324637,1163.455201540907,DE,1.0,0,,,0
W00384,2026-01-16 23:00:00,63.7417639294693,64.60298782809521,30.312113628396823,306.54357465205237,9.670697944912098,1208.115794452004,DE,1.0,1,,,0
W00385,2026-01-17 00:00:00,61.99361031440573,63.78071285118775,30.62670456845047,306.2612904844775,6.495802854546058,1039.3685559356263,DE,1.0,0,,,0
W00386,2026-01-17 01:00:00,66.02931854987288,66.85863710059485,36.155666668674826,362.4670673891983,10.188366116464625,1221.3388934381314,DE,1.0,0,37.212900322231285,,0
W00387,2026-01-17 02:00:00,72.19818303008496,72.35510132327067,39.97978951458578,401.3324362516154,12.497515544821013,1114.9152216452226,DE,1.0,0,,,1
W00388,2026-01-17 03:00:00,72.62093921406385,74.60820227295052,,333.17139256259264,7.826864280818819,1215.9708014329212,DE,1.0,0,38.768220179120384,,0
W00389,2026-01-17 04:00:00,71.38137089664276,73.70747401892885,24.993200623361382,248.7404233038626,10.672801877379744,1075.1037662248896,DE,1.0,0,,,0
W00390,2026-01-17 05:00:00,62.93617058053817,64.15889782603453,28.184028549558498,280.84295789256566,,1243.4286579582076,DE,1.0,0,,,0
W00391,2026-01-17 06:00:00,58.44948281683678,58.04979599439788,31.667853108815954,314.22585589316964,8.656175952640647,1281.9610140341351,DE,1.0,0,,,0
W00392,2026-01-17 07:00:00,70.27176792695191,72.24197908285,32.76908445001914,328.9556949899209,12.95478726834007,1137.3456110627867,DE,1.0,0,,,1
W00393,2026-01-17 08:00:00,67.64111983180833,67.66603192330875,33.36644549098109,333.38240938755547,8.91488435977635,1109.0461934871653,DE,1.0,0,,,0
W00394,2026-01-17 09:00:00,72.29692885858306,73.98990685723325,35.15432449192367,349.5537236673264,10.92442497802125,1027.5181565960015,DE,1.0,0,,,0
W00395,2026-01-17 10:00:00,73.50976813110636,74.26999243393476,33.75301467671021,335.5434123091283,6.257563767878025,1178.6869172739857,DE,1.0,0,,,0
W00396,2026-01-17 11:00:00,70.69120716029342,71.17715987488572,39.19735844217363,388.3423882383879,13.72463512278976,1153.4724852574716,DE,1.0,0,42.44353283574807,,0
W00397,2026-01-17 12:00:00,73.80066542687926,74.9231507217531,32.29593077727453,325.8958317964569,,1075.9184470121556,DE,1.0,0,50.56143340244167,,0
W00398,2026-01-17 13:00:00,71.14605687057534,72.42233996284503,31.550728162097826,315.7431346295736,9.635000314699477,1236.2415005049738,DE,1.0,0,,4.555690547804317,0
W00399,2026-01-17 14:00:00,72.65032352800733,73.58796339825832,36.91550215408185,366.5666214820987,11.15109301999979,1164.0023694508282,DE,1.0,0,,,0
W00400,2026-01-17 15:00:00,66.47663368565058,68.27712898193572,28.857431720295523,290.9999604517613,7.180361142104379,1113.9411233083815,DE,1.0,0,47.37895777255371,,0
W00401,2026-01-17 16:00:00,69.10194293084271,70.1271262866925,36.55876682128001,363.906321783417,12.365061483505315,1155.6342075487642,DE,1.0,0,,,0
W00402,2026-01-17 17:00:00,70.98388048328479,73.18771079028795,35.410212734905066,349.88262546801394,9.35203044900714,1285.7043631143692,DE,1.0,0,37.84497141154305,,1
W00403,2026-01-17 18:00:00,74.1026423770871,75.80963375714362,34.41023004032733,347.16596727093065,9.59186096990313,1248.2349555004178,DE,1.0,0,,,0
W00404,2026-01-17 19:00:00,68.03129413887714,68.83387425637764,41.35310442859705,411.9197533172722,9.016688770069031,1189.5979150801209,DE,1.0,0,26.602518842926028,,1
W00405,2026-01-17 20:00:00,72.60583627866056,73.36520109716795,32.51117021882113,323.8850049175849,8.83869719450883,1249.5284014771883,DE,1.0,0,,,0
W00406,2026-01-17 21:00:00,68.6708060404231,68.72622512199361,,432.53546688201067,11.389341223256817,1107.127043489061,DE,1.0,0,,,0
W00407,2026-01-17 22:00:00,69.41228916335935,71.03312148892,34.098274203087605,344.4105096992464,,1202.5896080581624,DE,1.0,0,,,0
W00408,2026-01-17 23:00:00,74.14759521012036,75.34687707652168,29.891934220119087,298.97945407378984,11.30349628280608,1211.7857864389177,DE,1.0,0,,,1
W00409,2026-01-18 00:00:00,60.03469814472922,59.33763568517299,35.279678323979304,349.19943186135737,,1162.4130793201018,DE,1.0,0,67.90898571232916,,0
W00410,2026-01-18 01:00:00,63.5176383596262,64.3594192286032,30.69501919872493,308.5818229995858,11.026399622154361,1234.8366668765934,DE,1.0,0,43.63503950151746,,0
W00411,2026-01-18 02:00:00,62.589073012785896,63.12002724963766,31.992976608745998,318.4747969146748,9.162302512149923,1137.5653236284438,DE,1.0,0,,,0
W00412,2026-01-18 03:00:00,58.33191940075848,60.75909986251018,36.58813320006197,371.5451039152081,14.459463682819097,1240.7856566220894,DE,1.0,0,,,0
W00413,2026-01-18 04:00:00,66.60867779922411,66.57862846569395,37.2223283546005,372.2199243800113,6.864139167139003,1244.1487017225033,DE,1.0,0,,,0
W00414,2026-01-18 05:00:00,73.7471694986387,74.06903224882423,,318.4081854961337,12.52187464712597,966.6272095442347,DE,1.0,0,,,0
W00415,2026-01-18 06:00:00,68.57557966808713,70.83506697593343,38.9496205801856,390.56830071832303,12.735814901441941,1295.2244562808094,DE,1.0,0,,,1
W00416,2026-01-18 07:00:00,70.98895040970926,73.49413994387461,39.63003103208454,402.1341036976261,8.295682388068812,956.1893947717797,DE,1.0,0,33.817727304816074,,0
W00417,2026-01-18 08:00:00,75.44608748355397,76.35902288224453,,412.1798311281678,14.458547221111946,1150.71607795551,DE,1.0,0,74.46317858910324,4.145165083067217,0
W00418,2026-01-18 09:00:00,76.63843066133846,77.6655306163181,37.117653628502886,376.6693991512986,11.990980565890636,1282.0278427406204,DE,1.0,0,,,0
W00419,2026-01-18 10:00:00,69.6543103263693,71.54038485013933,40.4537148483428,401.47786792728357,11.942278013645822,1174.6170619798047,DE,1.0,0,,,1
W00420,2026-01-18 11:00:00,76.76792944784698,76.44160819924767,27.47680628810377,277.504520068968,10.056044374051753,1082.7051214024366,DE,1.0,0,,,0
W00421,2026-01-18 12:00:00,70.46063329217054,70.38089101040951,33.72837380548615,335.11775443565136,9.565547683562647,1112.5010350626662,DE,1.0,0,,,1
W00422,2026-01-18 13:00:00,65.8130088808627,66.90468233779939,31.531978974706295,315.99265794531374,9.581182345920784,1282.1524597056496,DE,1.0,0,,,0
W00423,2026-01-18 14:00:00,67.02799823900632,69.60847065668975,35.47690344450957,350.95017715887644,10.781061192639035,1046.279637556109,DE,1.0,0,,,0
W00424,2026-01-18 15:00:00,62.59731743717492,63.50067971538503,32.71420312321305,325.2086639374824,,1290.3192880769614,DE,1.0,0,,,0
W00425,2026-01-18 16:00:00,65.55933073133174,66.9512667793465,34.33536863220107,341.3249462299198,10.36262843572284,1195.5918320766168,DE,1.0,0,,,0
W00426,2026-01-18 17:00:00,68.20991655962786,70.48114630887162,42.5286995208162,427.9826610485898,8.17711275372542,1104.6083735646052,DE,1.0,0,27.630745012739787,,0
W00427,2026-01-18 18:00:00,74.01792509689301,77.18379138545339,34.32112081431848,345.6133655081938,11.64885412476996,1153.3507942157846,DE,1.0,0,,,1
W00428,2026-01-18 19:00:00,78.60384915582992,79.71444736042787,36.65516926876086,367.38215187560104,11.842301492789584,1118.6220527118687,DE,1.0,0,,,1
W00429,2026-01-18 20:00:00,63.0890924231148,64.33740489259036,34.070922680303056,336.6579625488644,,1269.2980160686823,DE,1.0,0,,,0
W00430,2026-01-18 21:00:00,71.96413734129959,74.86106426519986,35.302853151827335,352.09361321642416,11.490997813049965,1258.5942247810272,DE,1.0,0,52.21375253976228,4.0379228699284,0
W00431,2026-01-18 22:00:00,64.79728030421232,64.87546649014342,35.02406672174428,348.00231776861466,9.458143739684385,1062.4671092899162,DE,1.0,0,,,0
W00432,2026-01-18 23:00:00,72.37348544231601,74.6430200076054,36.793296263892636,370.5419899090098,8.142021665738842,1167.7126305184534,DE,1.0,0,,,1
W00433,2026-01-19 00:00:00,69.34456674656137,69.9168056556036,39.66123014218871,400.1468559803386,8.26361313871844,1130.945147012458,DE,1.0,0,,,0
W00434,2026-01-19 01:00:00,60.84547087076235,62.14435818186012,41.589575990413316,419.0649166622258,6.729073503084284,1303.4807974767496,DE,1.0,0,,,0
W00435,2026-01-19 02:00:00,74.64148495784242,75.94021941907904,,360.1191450181156,10.4738972230919,1091.9920705498864,DE,1.0,0,,,1
W00436,2026-01-19 03:00:00,66.97499643595634,67.54808708411448,37.35818754414241,365.3632760745557,9.833102433546813,1328.3383283748012,DE,1.0,0,50.1251375942153,,0
W00437,2026-01-19 04:00:00,67.33049880813223,67.89062724216825,30.396541963257732,298.66453393818716,9.120024590940583,1197.336420838645,DE,1.0,0,,,0
W00438,2026-01-19 05:00:00,64.65123794355155,66.16539419382558,34.64849303033752,350.7498112376218,4.08876235130986,1107.045247489593,DE,1.0,0,,,0
W00439,2026-01-19 06:00:00,66.72858361656222,68.85958675142362,38.76115785953436,386.4078137773841,7.505365060611663,1145.8180652792578,DE,1.0,0,,,0
W00440,2026-01-19 07:00:00,72.13945220347459,73.47845228499328,38.46387455366861,382.38657168189076,12.241681302806334,1135.870492738524,DE,1.0,0,35.65777792542397,,1
W00441,2026-01-19 08:00:00,69.05377829531797,70.4909443882109,35.8464389311802,363.3923701921108,8.670747999873738,1098.0305278387596,DE,1.0,0,42.44459281259471,,0
W00442,2026-01-19 09:00:00,71.64331001141241,73.5331154646735,38.54557583827181,389.2512382191831,10.721183355313682,1207.58614877843,DE,1.0,1,,5.97279236143574,0
W00443,2026-01-19 10:00:00,71.80960926964421,72.46850643662673,,369.7040145255121,7.2186291400494875,1101.7667559446525,DE,1.0,0,,,0
W00444,2026-01-19 11:00:00,76.60330827764083,78.727128449924,39.801225033037284,397.1320410571809,12.877410964718463,1025.5707033009448,DE,1.0,0,,,0
W00445,2026-01-19 12:00:00,68.2860692456781,70.30726510823948,36.157436627828446,361.1780626398451,9.711944679890648,1169.6258823321461,DE,1.0,0,,,0
W00446,2026-01-19 13:00:00,62.615710915771345,65.9509261730871,33.57720673771586,336.453555772321,10.58008079296707,1055.7715042865693,DE,1.0,0,,,0
W00447,2026-01-19 14:00:00,75.33611208285991,76.54195097206944,36.3433650277321,368.2337921212798,14.651559583763369,1139.8271305545984,DE,1.0,0,,,1
W00448,2026-01-19 15:00:00,68.34255913951372,69.3429448809695,23.277622496588897,234.04362723860064,,1127.2717689117314,DE,1.0,0,61.997297803441704,6.122559870149349,0
W00449,2026-01-19 16:00:00,75.57296222288689,77.69959416460362,36.531542945540195,367.4935165545194,9.386868757425884,1130.3027142379349,DE,1.0,0,,,0
W00450,2026-01-19 17:00:00,71.91688556591235,74.01050661236032,20.406348699140864,207.57129731861914,8.813559630259281,1360.0770481272123,DE,1.0,0,,,0
W00451,2026-01-19 18:00:00,69.34431234898328,70.30312887326158,28.106146370378326,277.55243570071,9.348909976960936,1204.5129253735656,DE,1.0,0,,,0
W00452,2026-01-19 19:00:00,71.74387947023148,72.85622691809208,36.807074403763934,370.33532971506145,11.019796496953072,1219.6296807196265,DE,1.0,0,,,1
W00453,2026-01-19 20:00:00,79.75506280063149,81.78306872721855,36.91011734906718,368.21746722668695,9.789551731498257,1057.8881362926163,DE,1.0,0,,,1
W00454,2026-01-19 21:00:00,80.38490264526877,81.33053330558641,30.350284879440277,295.9545632070845,9.209511709993057,1147.6829493090463,DE,1.0,0,,,0
W00455,2026-01-19 22:00:00,70.34690567566389,71.42541659876515,32.15159183248424,315.131409698885,12.934362501418084,1217.224210395321,DE,1.0,0,57.03025459045411,,0
W00456,2026-01-19 23:00:00,70.80095296658537,72.28864623981183,,401.76728671000916,9.771580216444326,1118.0376869669594,DE,1.0,0,,,0
W00457,2026-01-20 00:00:00,75.38120078733192,77.68557575093637,,332.23246442287063,14.599178186074639,1272.6450274814388,DE,1.0,0,,,0
W00458,2026-01-20 01:00:00,65.77169483616326,66.6034498399429,43.97168124961194,440.05821119214033,10.181485127504345,1103.7842731279177,DE,1.0,0,,,0
W00459,2026-01-20 02:00:00,71.66535186309127,71.62475133072856,34.992320587294614,350.47630599447314,13.570636788449455,1177.0907091307859,DE,1.0,0,,,1
W00460,2026-01-20 03:00:00,69.87068576023071,69.73482150142077,36.632144707525065,372.17427752331076,10.714638845421254,1153.1158688019552,DE,1.0,0,49.445466251920855,,0
W00461,2026-01-20 04:00:00,71.56954105728776,71.99340142506861,41.46749759399443,410.8677070953649,11.925921146498895,1213.1456527505534,DE,1.0,0,,,1
W00462,2026-01-20 05:00:00,65.83315597025297,66.09928491509808,35.524108464773676,355.15878458518563,8.55077789696455,1148.760794251566,DE,1.0,0,,4.046429185305973,0
W00463,2026-01-20 06:00:00,62.05216253345515,63.16951717722833,30.990624077236795,310.8195473408094,8.292481554825176,1178.328509834325,DE,1.0,0,,,0
W00464,2026-01-20 07:00:00,59.63508282004354,59.87668035356633,34.56109019322284,343.4020825826134,10.919411910029975,1181.1095926577611,DE,1.0,0,49.33807367311239,,0
W00465,2026-01-20 08:00:00,64.41307943505196,65.13913705589604,34.85755705523964,348.6605507876452,11.97710648493063,1141.248979408696,DE,1.0,0,,,0
W00466,2026-01-20 09:00:00,67.70662357530334,68.44148733882376,29.54103339119374,290.61048590968437,10.080513004000926,1238.8075094797691,DE,1.0,0,,4.243090127234935,0
W00467,2026-01-20 10:00:00,68.53404206675619,69.55231661941292,33.97667171463671,343.9964357981922,7.427213329832606,1219.071069986994,DE,1.0,0,,,0
W00468,2026-01-20 11:00:00,79.68615581214759,82.33788239360905,32.03123162401025,318.26747258251123,7.279483267421346,1192.9108843797467,DE,1.0,0,,,0
W00469,2026-01-20 12:00:00,75.52996684953649,77.57012425807164,38.69743102874973,393.06851078183286,7.145727195627518,1165.5633333230433,DE,1.0,0,,,0
W00470,2026-01-20 13:00:00,65.18954441829186,66.5062388388785,35.13844749674102,351.2870519956579,6.4647557741212385,1263.7235224415997,DE,1.0,0,,,0
W00471,2026-01-20 14:00:00,71.73854226225478,72.80449208303521,33.86881700340972,341.77233073029475,10.218970718894175,1181.1332604948655,DE,1.0,0,,,1
W00472,2026-01-20 15:00:00,67.96460881824838,68.97731486931494,34.5752722775097,345.5928141681235,12.25008784341605,1175.464216973925,DE,1.0,0,,,0
W00473,2026-01-20 16:00:00,68.57818080979952,70.21194160195707,,358.832649239465,9.973168426150382,1208.3752023910502,DE,1.0,0,,,0
W00474,2026-01-20 17:00:00,70.9266282470769,72.81249607070028,,372.92047998792515,5.479170485324295,1335.7269346376681,DE,1.0,0,55.16990472161142,,0
W00475,2026-01-20 18:00:00,73.09585558487697,73.83167869169404,31.001151085322476,310.3688826413236,9.618479079330903,1092.7715033583038,DE,1.0,0,,,0
W00476,2026-01-20 19:00:00,68.30370758057992,69.69896633668291,30.833649469514913,309.2904907783913,9.674402006734786,1261.5885514444283,DE,1.0,0,,,0
W00477,2026-01-20 20:00:00,75.31925766367179,75.20034716201481,39.41871686161012,391.8343930893557,14.191997500450878,1048.5463071009517,DE,1.0,1,,,1
W00478,2026-01-20 21:00:00,64.29030886928798,65.74548607401023,33.350652511181075,333.1313918642311,7.085724174160887,1217.38185265829,DE,1.0,0,40.05226880971355,7.0650242577008555,0
W00479,2026-01-20 22:00:00,70.03169531181135,72.04204861161452,29.332631629612504,291.49601969795367,9.218644794801609,1326.0066262086984,DE,1.0,0,,,1
W00480,2026-01-20 23:00:00,82.98836863297916,84.42408110413405,,374.6515005841687,13.411705361089128,1239.0934819573845,DE,1.0,0,,,1
W00481,2026-01-21 00:00:00,71.11539871312638,73.99092828430099,36.853479224130744,368.2655999315726,10.899956682693096,1213.6500062831835,DE,1.0,0,39.65279009315255,,0
W00482,2026-01-21 01:00:00,77.16607253303087,78.00440322574265,28.877138970973174,293.4070861648214,11.12662614703285,1155.1640424957538,DE,1.0,0,,,0
W00483,2026-01-21 02:00:00,70.45760089086605,72.04070524092597,,358.5924016261212,10.229168874047756,1202.4837760390844,DE,1.0,0,,,1
W00484,2026-01-21 03:00:00,72.90388547664898,74.3333033888492,37.9423323697135,380.2011866217397,10.65988707731453,1179.8349747677314,DE,1.0,0,52.34595580893437,,0
W00485,2026-01-21 04:00:00,69.71608402803655,71.03016757464256,36.49754580682505,361.0113658533147,11.555219060557071,1137.1218713654916,DE,1.0,0,,,0
W00486,2026-01-21 05:00:00,69.14796209417898,70.43946360165876,37.52792593504558,373.9380415748522,8.381027362214468,1176.8099507620104,DE,1.0,0,,,0
W00487,2026-01-21 06:00:00,66.1025880163729,67.51032380070794,29.382923607637004,294.46084008873777,11.7561171578164,1215.8704928501152,DE,1.0,0,,4.350394367398335,0
W00488,2026-01-21 07:00:00,72.15150679478776,74.27290392545447,36.32416061998478,367.9996176927274,,1138.6226345175487,DE,1.0,0,,,0
W00489,2026-01-21 08:00:00,65.74231405407116,68.15934932417238,33.78952096211821,338.56115795421096,10.656735945663076,1135.4974543452254,DE,1.0,0,47.46162438874467,,0
W00490,2026-01-21 09:00:00,73.32792618156715,74.79268450959518,33.06883936510142,334.83955473459315,10.357481926572655,1091.180524992626,DE,1.0,0,,,1
W00491,2026-01-21 10:00:00,75.42643502222955,77.58721658041145,38.48222243767891,386.74441170739783,8.767413823615785,1231.2580020871117,DE,1.0,0,,,0
W00492,2026-01-21 11:00:00,71.83265703618615,72.70789661989645,,414.0531844453633,9.954629449348706,1243.625860957365,DE,1.0,0,53.2741109519754,,0
W00493,2026-01-21 12:00:00,68.56875633222154,70.55289582104696,42.177480218401435,421.5976755320992,8.754919694668894,1218.5328355389213,DE,1.0,0,,,1
W00494,2026-01-21 13:00:00,72.26982789654348,73.10563123541276,40.25923148602362,409.76298299219167,7.856597346276511,1277.2136394182933,DE,1.0,0,46.42469891445465,,0
W00495,2026-01-21 14:00:00,68.45663472226794,70.6982953655838,34.56106327347926,344.15444412605024,9.29277051677271,1207.0294109664583,DE,1.0,0,,,0
W00496,2026-01-21 15:00:00,74.67773562732575,77.93980304178685,36.41088065210537,361.8094210184607,7.7920227292566775,1231.3608749892605,DE,1.0,0,,,0
W00497,2026-01-21 16:00:00,60.84296957892438,61.962161860125754,38.06729148713698,377.04275632230264,10.645594928186496,1224.306994051005,DE,1.0,0,,,0
W00498,2026-01-21 17:00:00,68.32196315940676,67.93436762994898,,361.8401919866527,7.6998290116952735,1192.6767984465434,DE,1.0,0,,,0
W00499,2026-01-21 18:00:00,60.04594002438001,60.80840047827175,35.52305675164618,357.6889102343155,11.423954045982104,1157.5342537496283,DE,1.0,0,54.39923966687664,,0
W00500,2026-01-21 19:00:00,62.52469584886398,64.76068987327271,38.29501252750473,381.9477630749064,7.637041864142359,1377.132209263353,DE,1.0,0,61.9662786898701,,0
